GEOID,nocar,population,housing_units,hh_income_low,hh_income_mid,hh_income_high,hh_total,oneperson_hh,twoperson_hh,total_emp,basic_emp,retail_emp,service_emp
08001008801,56,5160,1538,267,804,416,1487,332,278,1428,1124,82,222
08001007801,394,4215,1422,525,645,173,1343,434,283,480,22,27,431
08059012039,56,5417,2038,144,522,1318,1984,392,664,283,53,25,205
08031004103,85,5593,2297,122,528,1591,2241,462,883,330,73,25,232
08031004201,148,4979,2022,151,419,1385,1955,508,683,1074,104,138,832
08005087000,185,5264,2273,294,1025,870,2189,910,619,1547,23,846,678
08031004002,9,3525,1433,86,335,920,1341,269,555,447,44,5,398
08005082400,63,4335,1542,289,587,565,1441,355,446,477,42,93,342
08005005635,181,4989,2052,183,583,1219,1985,612,727,1108,64,6,1038
08059010210,80,3662,1506,81,544,830,1455,333,579,190,89,3,98
08059011805,229,5996,3061,487,1176,1282,2945,1229,1110,2897,118,866,1913
08031002703,681,5217,3820,913,1715,1008,3636,2429,1028,881,29,200,652
08005085000,0,2088,890,55,220,551,826,141,360,1598,24,472,1102
08005007704,91,5100,2047,315,1052,528,1895,593,464,96,0,0,96
08005084200,17,3760,1339,63,617,609,1289,172,428,374,25,57,292
08005084000,15,2640,767,24,261,475,760,106,242,505,44,201,260
08059012049,28,3921,1405,32,289,1084,1405,142,600,259,51,36,172
08031004503,124,4390,1440,420,704,248,1372,452,166,178,28,10,140
08005006601,200,5830,2809,609,1226,785,2620,1033,881,1236,325,183,728
08005083400,35,7275,2210,74,894,1242,2210,354,516,615,213,56,346
08059009832,21,2653,975,66,363,541,970,227,313,1196,21,480,695
08059011701,86,4599,2073,191,728,1091,2010,599,796,3916,147,652,3117
08059010604,59,2435,1084,129,508,390,1027,330,382,1385,98,452,835
08005081100,369,6289,2674,560,1383,555,2498,923,709,5067,305,2382,2380
08014031000,10,5731,2249,132,603,1478,2213,609,659,620,46,202,372
08001008546,50,3926,1344,61,420,809,1290,291,342,267,34,34,199
08005080200,117,6439,2265,213,643,1333,2189,475,772,1879,61,751,1067
08031015400,150,4868,1727,328,565,756,1649,555,611,2199,49,51,2099
08031002802,300,4060,3032,404,1272,965,2641,1831,493,3322,917,222,2183
08031008391,43,7315,2473,101,1022,1246,2369,384,826,74,50,0,24
08031004202,42,4567,1743,101,310,1236,1647,373,600,1053,96,47,910
08001008100,64,1574,845,244,280,184,708,368,236,27196,75,13,27108
08059011730,56,3388,1742,220,917,475,1612,592,532,156,52,14,90
08001008508,70,5672,1937,166,688,1061,1915,450,577,620,83,48,489
08014030400,0,3998,1369,74,222,1073,1369,193,465,290,56,48,186
08005005631,8,3324,1242,44,335,854,1233,176,529,539,64,218,257
08005083000,11,3750,1266,61,337,838,1236,159,475,149,59,5,85
08031002402,183,2034,956,188,251,439,878,279,386,615,27,164,424
08005006711,9,4225,1521,18,298,1134,1450,144,614,1667,249,238,1180
08001008526,84,6915,2760,258,748,1621,2627,650,990,3672,2339,652,681
08001009325,98,5515,2548,213,908,1300,2421,632,1141,3139,811,25,2303
08031001102,146,4799,2513,312,636,1401,2349,1050,836,4462,1213,481,2768
08001009327,61,4435,1581,312,484,719,1515,400,418,57,15,11,31
08005084500,46,2994,1236,79,567,512,1158,263,488,180,17,0,163
08031980100,0,0,0,0,0,0,0,0,0,12508,8692,309,3507
08005084100,35,4623,1606,195,617,761,1573,257,599,193,31,5,157
08035014113,16,3179,1031,30,163,838,1031,95,362,281,36,64,181
08031004405,516,8976,4188,501,1204,2294,3999,1497,1123,5346,124,131,5091
08005085400,20,4723,1444,8,166,1244,1418,91,474,784,26,277,481
08005080300,131,5626,2342,247,932,1126,2305,744,768,4592,281,119,4192
08031006813,372,4293,2584,389,1414,613,2416,1299,746,1594,28,277,1289
08031015500,202,3576,1988,264,1006,559,1829,816,682,2926,1502,170,1254
08059011602,166,4409,1742,303,748,602,1653,484,440,1825,30,689,1106
08031004506,99,3795,1196,424,483,232,1139,220,345,674,8,28,638
08031005300,195,1547,838,176,315,279,770,395,230,5749,1113,373,4263
08093000400,25,1378,3639,43,250,323,616,125,418,131,49,7,75
08093000200,0,3836,1939,115,490,847,1452,255,858,213,91,33,89
08031001902,0,778,66,0,16,22,38,15,23,4807,428,6,4373
08031008305,37,4792,1082,215,413,424,1052,113,184,41,22,0,19
08001009306,52,3588,1243,104,668,471,1243,354,322,394,27,81,286
08059011550,480,6491,3227,741,1523,762,3026,1142,1085,2670,932,361,1377
08059011951,22,3409,1586,138,544,750,1432,407,550,105,28,0,77
08031001901,334,3346,1290,522,400,316,1238,504,361,6049,4085,129,1835
08031012001,44,1977,957,164,236,511,911,313,354,182,15,0,167
08031003003,81,3346,1223,142,444,541,1127,434,486,704,59,58,587
08031005102,17,3519,1639,198,439,876,1513,462,581,808,79,84,645
08001009309,151,4268,1626,399,663,564,1626,549,461,226,25,21,180
08035014110,122,5716,2420,223,864,1282,2369,705,747,931,72,133,726
08001008549,8,4022,1295,78,411,806,1295,188,454,77,27,0,50
08005005800,63,2837,1340,141,378,752,1271,422,524,275,38,37,200
08059011401,268,2460,1249,310,574,273,1157,480,489,1328,48,634,646
08031004304,33,5739,2909,162,889,1772,2823,1231,769,1610,119,554,937
08031004303,10,4199,1674,87,241,1254,1582,330,558,1107,27,140,940
08059010504,12,3016,1283,110,242,902,1254,288,559,795,87,32,676
08059011202,23,4920,1812,132,703,899,1734,463,609,2765,140,94,2531
08059010701,119,4470,2052,410,751,773,1934,782,592,713,146,47,520
08059012054,31,3946,1733,59,288,1236,1583,329,668,3951,106,1952,1893
08005005628,144,5859,2310,168,619,1482,2269,621,639,1132,120,170,842
08005005700,163,3927,2055,354,895,645,1894,889,607,4034,943,789,2302
08005006200,72,3518,1459,156,603,653,1412,450,491,3077,1406,156,1515
08005006708,33,5058,2039,77,515,1372,1964,369,829,1298,97,453,748
08005007703,149,4614,1657,254,702,641,1597,517,431,598,90,309,199
08001009501,118,3234,1183,284,532,367,1183,379,300,883,42,102,739
08001009607,106,4796,1994,474,780,565,1819,652,486,3288,183,26,3079
08035014300,7,923,570,52,165,182,399,112,178,109,61,6,42
08059012047,17,4435,1728,125,605,938,1668,351,550,324,76,16,232
08005006502,60,3523,1598,183,610,681,1474,390,665,3679,163,35,3481
08031004504,65,4638,1324,332,550,383,1265,159,271,148,11,8,129
08031008306,251,7188,1986,287,1007,627,1921,340,407,241,51,0,190
08001009502,87,4977,1649,131,657,810,1598,342,566,2490,1426,540,524
08031001401,395,6401,2389,820,846,673,2339,922,592,3634,1414,488,1732
08014980100,0,0,0,0,0,0,0,0,0,NA,NA,NA,NA
08005085700,37,4511,1799,195,810,673,1678,484,527,443,24,235,184
08005006712,0,1402,666,33,82,461,576,152,237,28228,7715,713,19800
08059011300,164,3229,1571,352,493,639,1484,589,529,612,57,64,491
08059012059,21,3247,1211,44,381,760,1185,108,607,345,68,12,265
08005081500,131,2887,2313,594,1118,427,2139,1439,700,1463,234,0,1229
08031002701,974,4592,3868,1091,1600,897,3588,2717,823,9370,439,89,8842
08031004700,150,7221,2395,405,919,1000,2324,486,670,623,131,146,346
08005006100,199,3391,1732,308,708,627,1643,691,530,590,31,78,481
08005080500,37,3496,1717,268,651,741,1660,628,696,1563,481,1,1081
08059010212,55,4130,1809,221,695,728,1644,508,540,960,302,56,602
08031003601,343,4552,1913,435,510,808,1753,478,651,631,169,106,356
08001009326,14,2817,1133,102,406,625,1133,297,496,343,91,198,54
08001009603,176,6273,2380,400,1291,537,2228,742,520,1362,53,27,1282
08005005614,58,3212,1326,96,426,781,1303,311,539,974,97,361,516
08001007802,410,4389,1567,594,655,205,1454,340,454,480,23,185,272
08059012060,10,3355,1435,161,443,831,1435,450,481,91,27,21,43
08005006858,210,5147,3218,545,849,1361,2755,1310,924,24435,3031,656,20748
08001009101,5,4639,1445,108,713,598,1419,239,451,349,138,21,190
08031007037,159,4361,2128,537,867,497,1901,797,509,1223,17,20,1186
08005084800,0,3605,1220,65,304,824,1193,140,343,78,16,2,60
08005082800,45,5121,1875,192,783,836,1811,461,577,323,44,34,245
08001008709,404,7668,2557,701,1346,469,2516,853,444,15401,11216,965,3220
08035014124,8,5288,1817,26,237,1539,1802,145,727,374,87,18,269
08001008524,41,9158,2712,94,500,2075,2669,219,802,675,94,194,387
08031001302,31,3974,1453,303,717,375,1395,351,549,2031,1530,141,360
08014030000,56,3579,1455,192,552,680,1424,413,426,684,69,62,553
08059009847,13,3262,1416,130,332,874,1336,316,597,904,163,22,719
08005082700,19,3606,1179,55,397,727,1179,168,495,430,18,181,231
08001009410,50,3064,1215,99,182,891,1172,177,549,292,65,16,211
08001009604,183,4499,2049,373,925,575,1873,667,642,2046,317,192,1537
08031002403,545,4529,2796,927,635,973,2535,1359,824,1347,208,54,1085
08001008548,6,1639,615,107,167,341,615,147,238,95,5,0,90
08001009408,67,4754,1904,66,476,1248,1790,313,726,2116,72,246,1798
08014030800,35,5958,1985,159,558,1244,1961,366,459,1097,48,441,608
08031000303,146,4665,2650,303,604,1358,2265,912,857,1736,224,226,1286
08005087100,173,2789,1427,301,680,329,1310,569,340,1585,26,619,940
08059011723,147,3418,1699,328,701,610,1639,689,550,2378,514,444,1420
08035014129,12,3742,1263,41,253,969,1263,165,415,215,114,4,97
08001008200,89,6576,1561,212,681,668,1561,182,431,2979,1993,181,805
08001009608,29,3225,1323,124,520,659,1303,370,480,895,182,244,469
08059012044,0,4117,1638,111,333,1108,1552,383,449,1349,91,312,946
08059011729,56,4207,2039,141,1056,788,1985,813,715,1308,130,128,1050
08031004004,15,1965,891,103,293,495,891,313,308,343,72,54,217
08031000102,78,3491,1647,253,344,1006,1603,461,726,442,93,58,291
08005007201,96,4083,1351,468,452,362,1282,431,309,524,12,23,489
08031004301,514,5086,3406,757,1220,1013,2990,1629,952,8959,81,277,8601
08005006713,71,1806,999,49,369,517,935,419,353,6207,415,171,5621
08059011804,54,4491,1673,210,646,817,1673,372,651,505,111,27,367
08005085600,4,3396,1026,10,75,923,1008,55,327,230,60,4,166
08005007301,108,2278,1070,147,565,235,947,324,353,663,7,28,628
08014030300,143,3922,1705,336,659,710,1705,572,585,2875,30,612,2233
08059012051,0,3658,1304,90,281,925,1296,179,616,960,108,248,604
08005007600,148,3721,1313,375,536,293,1204,337,355,912,72,77,763
08035014114,1,3507,1421,88,350,924,1362,271,573,2931,177,1098,1656
08059009831,19,2624,1364,73,732,474,1279,362,646,3201,983,1163,1055
08005086900,155,3118,1604,343,506,617,1466,597,495,1820,108,28,1684
08001009409,129,5473,2404,104,557,1648,2309,505,1141,566,88,0,478
08059012052,14,5234,2124,151,522,1360,2033,440,772,488,65,18,405
08031005001,59,2718,1147,140,421,506,1067,298,432,762,29,65,668
08001009207,36,4760,1600,182,791,571,1544,231,579,99,38,0,61
08019014700,0,5277,3032,167,902,1332,2401,698,1038,647,203,48,396
08031002901,122,3559,1930,186,638,1014,1838,709,788,6215,139,177,5899
08031000905,105,4263,1328,223,569,489,1281,167,433,199,42,9,148
08059011720,10,4843,2058,134,577,1337,2048,449,966,1520,634,175,711
08031001800,433,3570,1866,633,553,599,1785,826,695,10817,326,231,10260
08031001600,459,12361,6815,916,1951,3491,6358,3060,2594,13100,2290,638,10172
08059009833,0,5506,2432,342,861,1105,2308,750,740,603,40,161,402
08001009606,129,2758,1131,264,408,388,1060,390,264,573,244,77,252
08059010306,55,2823,1120,110,464,537,1111,278,464,847,215,262,370
08059980000,0,0,0,0,0,0,0,0,0,3169,6,0,3163
08059010902,153,2517,1174,186,621,270,1077,434,255,5625,3433,520,1672
08001008706,37,6056,1734,449,824,367,1640,342,343,675,85,76,514
08031006811,338,6497,3381,570,1174,1366,3110,1261,1116,2179,175,196,1808
08031000701,577,4516,2383,644,798,703,2145,1107,560,593,186,89,318
08031003402,19,4856,2092,149,264,1542,1955,477,689,1078,94,111,873
08031003702,503,4994,2913,607,1238,894,2739,1607,720,666,34,180,452
08031000401,134,3601,1474,259,413,733,1405,378,542,526,35,66,425
08059012042,29,3859,1381,69,386,898,1353,236,484,594,87,87,420
08005005626,77,3845,1673,244,584,837,1665,593,497,1948,409,564,975
08005086200,9,6859,2021,30,388,1603,2021,127,576,691,67,177,447
08005004951,133,1984,1308,167,664,393,1224,681,459,175,13,7,155
08035014115,84,4208,1692,48,288,1349,1685,355,659,551,66,3,482
08031002601,1081,3869,3057,799,1060,841,2700,1829,755,19861,3198,40,16623
08019014900,32,2533,1897,312,505,392,1209,567,402,1980,784,42,1154
08031000702,576,4799,2456,648,829,593,2070,825,664,855,34,56,765
08059010901,232,5293,2145,347,651,1147,2145,618,821,4233,496,1628,2109
08031004505,83,4884,1422,488,520,344,1352,200,246,324,62,60,202
08001008544,25,5729,1778,80,338,1334,1752,201,439,425,68,38,319
08001009752,40,3257,1069,119,382,491,992,231,274,819,668,27,124
08059012058,10,3853,2035,58,544,982,1584,289,786,385,101,26,258
08031000202,205,4006,1822,423,605,745,1773,628,578,1077,673,32,372
08059011708,48,4279,1669,174,643,852,1669,485,540,443,115,41,287
08059010303,0,5562,2315,165,808,1248,2221,570,861,536,116,10,410
08031005104,278,3863,1778,466,806,414,1686,899,406,4046,423,333,3290
08005006815,80,4728,1977,113,853,894,1860,546,621,6711,1419,800,4492
08031000502,572,6006,3017,918,467,1440,2825,1024,1122,529,105,54,370
08031005502,0,2223,597,71,202,318,591,110,207,1772,28,0,1744
08031003703,194,3266,1856,210,746,703,1659,721,574,2223,121,44,2058
08001009203,99,5220,1975,423,1065,357,1845,521,536,5240,177,1622,3441
08031008312,182,8245,2391,374,1102,877,2353,524,374,2511,1547,375,589
08014031100,204,6385,3989,394,1687,1657,3738,1812,1453,22143,7296,2306,12541
08005006704,0,4613,1664,71,133,1378,1582,158,647,888,54,69,765
08031007089,312,5194,3972,1043,2099,593,3735,2700,816,219,12,6,201
08035014139,50,4160,1636,97,336,1147,1580,386,467,975,99,239,637
08005082000,53,4413,1856,282,1197,297,1776,603,582,5974,905,70,4999
08035014130,13,7396,2471,12,307,2110,2429,166,876,449,106,26,317
08035014127,20,5289,1812,66,243,1415,1724,137,579,331,120,14,197
08059010702,83,5249,2536,463,1081,824,2368,594,1105,461,33,19,409
08059012055,18,4037,1641,166,402,1061,1629,321,660,781,65,239,477
08005087300,166,8018,3473,503,1396,1242,3141,908,931,1873,993,115,765
08001009308,42,4445,1435,189,641,540,1370,344,373,1036,297,146,593
08031008390,0,9739,2983,333,1259,1331,2923,484,690,271,50,46,175
08093000500,15,2702,2964,299,310,518,1127,249,729,279,63,3,213
08059010100,57,5553,2170,427,579,1039,2045,483,822,17586,403,1241,15942
08059010208,12,5743,2191,256,783,1132,2171,500,767,1125,82,421,622
08039961206,19,3735,1383,150,214,1002,1366,228,518,359,213,7,139
08059012036,12,3986,1530,147,271,1056,1474,253,555,7126,6790,1,335
08005085900,36,6270,1994,90,358,1469,1917,179,550,263,80,34,149
08035014203,0,6684,2402,50,250,2032,2332,183,904,676,147,91,438
08031004801,65,3627,1154,100,402,652,1154,254,408,744,18,579,147
08005005627,36,4783,1842,109,486,1247,1842,421,656,652,67,87,498
08059011728,25,2804,1154,87,336,688,1111,218,495,344,108,12,224
08005005633,34,3222,1378,95,349,924,1368,354,522,1642,306,100,1236
08005083700,76,4518,1531,53,545,895,1493,257,653,847,79,74,694
08059011711,65,4349,1869,272,700,827,1799,607,618,815,62,102,651
08059009834,71,4364,2081,156,955,935,2046,812,715,1063,193,350,520
08005006604,307,4544,2036,455,756,663,1874,783,505,851,47,347,457
08005005620,124,3152,1842,302,765,658,1725,867,581,1315,12,401,902
08005083500,73,6461,2192,282,894,958,2134,513,685,749,29,260,460
08001009319,54,2595,937,239,396,227,862,183,247,208,24,43,141
08001008507,117,6703,2028,113,720,1078,1911,283,509,329,71,55,203
08014030100,48,2271,928,111,356,442,909,233,331,606,33,16,557
08005081200,122,5183,1991,203,1147,505,1855,562,591,1219,300,417,502
08001008705,120,5511,1541,220,786,442,1448,255,411,913,327,204,382
08005005611,15,5338,2020,150,616,1183,1949,459,768,1253,112,648,493
08031012014,29,6819,3245,515,1258,1426,3199,1085,1336,1699,97,1217,385
08059012037,0,3523,1575,94,325,1146,1565,410,771,568,189,62,317
08005005623,42,4394,1803,89,497,1149,1735,384,784,1376,267,511,598
08005005553,35,4199,1580,264,683,583,1530,430,505,1439,328,453,658
08005086300,23,4744,2026,191,591,1136,1918,489,708,1643,123,543,977
08001009307,41,3483,1301,149,519,520,1188,356,248,652,75,144,433
08001009401,98,5406,1841,258,806,741,1805,431,610,1802,124,11,1667
08031004306,93,5325,2436,225,649,1435,2309,809,792,626,65,7,554
08031003201,284,5853,3655,375,1500,1572,3447,1707,1448,917,27,23,867
08031004403,104,4342,2074,224,1006,726,1956,753,723,296,11,51,234
08031005200,9,3479,1419,124,387,840,1351,298,564,2039,137,60,1842
08005007104,27,5898,1512,14,513,955,1482,129,419,2691,1094,60,1537
08005007101,28,5726,2125,172,797,1024,1993,408,687,785,308,106,371
08005006709,17,5327,2344,79,587,1542,2208,519,916,12825,5331,1385,6109
08001008901,22,2800,727,119,351,244,714,146,145,3752,2856,110,786
08035014406,229,13460,4629,180,1027,3370,4577,839,1425,2157,428,96,1633
08031004603,138,6117,2148,357,1073,692,2122,549,614,532,30,179,323
08035014123,84,3537,1440,115,426,800,1341,280,644,3854,303,1933,1618
08005005629,4,2483,839,44,141,640,825,85,331,1754,564,97,1093
08031008387,10,7596,1788,187,655,909,1751,207,313,67,59,0,8
08005084400,12,3101,1040,54,408,578,1040,179,322,42,27,0,15
08001008309,59,4251,1173,218,724,217,1159,134,278,13362,8273,1513,3576
08059010406,100,2892,1235,180,590,379,1149,345,389,4006,2094,301,1611
08035014007,116,3374,1738,165,472,986,1623,494,719,12598,1903,23,10672
08035013907,108,5591,2106,205,455,1390,2050,377,670,1850,188,526,1136
08005081000,178,5741,2481,509,1288,512,2309,958,570,8474,80,924,7470
08001008402,36,5141,1825,82,572,1038,1692,205,619,626,235,22,369
08059012030,14,3867,1643,129,417,993,1539,269,719,633,71,6,556
08031001402,206,4743,1601,342,734,502,1578,359,443,222,24,8,190
08031001403,120,3032,1713,231,717,642,1590,669,696,4144,2039,405,1700
08014030500,173,5836,2150,125,328,1671,2124,407,632,766,116,80,570
08059010205,84,2423,1017,104,222,647,973,217,388,130,66,8,56
08059012032,11,2734,1112,94,209,767,1070,159,542,815,176,189,450
08059011803,35,5435,2055,312,956,764,2032,577,637,618,84,83,451
08059060500,85,7753,3200,126,664,2151,2941,672,1054,7650,4353,156,3141
08059009848,70,2629,1112,135,199,642,976,200,370,1277,226,234,817
08059012035,20,5286,1857,56,267,1494,1817,142,681,2136,1706,14,416
08005082300,47,4157,1443,153,715,512,1380,406,282,355,14,179,162
08005082200,134,6383,2214,374,1066,724,2164,582,583,464,39,60,365
08059011732,175,4786,2718,303,1485,758,2546,1098,953,3587,656,24,2907
08001008543,85,9090,2809,318,965,1526,2809,650,676,1203,303,44,856
08031001301,192,5259,1771,330,832,601,1763,313,617,881,44,224,613
08005006501,186,2276,1386,292,546,386,1224,584,462,4893,549,195,4149
08031000903,148,6021,2059,524,1041,325,1890,433,387,480,68,114,298
08005080600,38,3449,1890,172,1226,349,1747,866,500,478,19,30,429
08031006810,64,5836,2834,334,1187,1129,2650,1007,885,2389,312,630,1447
08001060200,88,4157,1914,121,843,732,1696,492,593,5833,1439,46,4348
08001008604,0,5254,1183,78,464,594,1136,228,316,510,105,133,272
08001009316,34,7372,2402,475,1128,625,2228,487,654,539,179,87,273
08005007106,19,6180,1917,53,311,1519,1883,301,384,495,97,220,178
08005082100,171,7211,2485,276,984,1023,2283,514,679,898,104,111,683
08059011726,16,6079,2294,214,667,1373,2254,483,861,1199,143,196,860
08005081800,138,5708,1659,200,981,445,1626,318,394,1150,555,138,457
08005082900,9,4893,1760,109,651,899,1659,312,555,59,36,2,21
08035014116,80,5918,2695,68,839,1606,2513,781,857,11932,1180,4736,6016
08031004003,176,4217,2146,296,642,1132,2070,807,834,1463,32,661,770
08035014137,50,9813,2961,195,244,2491,2930,242,623,739,268,8,463
08031003602,157,4862,1898,391,756,663,1810,436,714,1539,459,218,862
08035014013,10,8314,2600,55,384,2132,2571,223,860,509,106,70,333
08035014134,33,6329,2034,105,224,1705,2034,309,462,568,61,193,314
08001008533,96,8035,3035,187,1309,1402,2898,938,754,1406,783,62,561
08005006000,171,2683,1464,309,509,583,1401,699,431,5605,1912,840,2853
08001009406,16,4586,1749,128,650,894,1672,394,653,529,30,347,152
08001015000,70,2984,1170,340,573,257,1170,448,309,14448,10808,334,3306
08001009323,35,3837,1510,242,750,448,1440,327,531,3080,224,691,2165
08031007006,294,5228,2701,391,1672,437,2500,1146,650,269,24,16,229
08031004102,178,5054,1605,312,716,544,1572,349,506,8537,4199,343,3995
08059012026,10,3347,1614,124,367,903,1394,362,557,495,55,19,421
08031003203,30,3032,1385,70,153,1061,1284,347,515,1318,104,184,1030
08059010304,107,2769,1169,120,447,571,1138,351,326,341,26,17,298
08005081300,77,3056,1088,30,585,450,1065,175,382,296,34,161,101
08059010403,110,5653,2551,529,1050,957,2536,901,792,3295,1069,489,1737
08005083100,47,6928,2677,206,1018,1340,2564,598,960,149,19,31,99
08059009840,157,3664,1593,218,553,793,1564,519,511,1067,108,30,929
08001009321,26,4031,1381,219,660,362,1241,262,385,646,17,312,317
08059010000,143,5469,1279,230,542,470,1242,424,484,7986,322,498,7166
08031015700,366,6011,2340,703,868,734,2305,819,690,221,16,7,198
08059009843,134,8439,3273,286,830,2087,3203,865,1049,1889,1373,14,502
08005005625,39,3541,1421,94,382,945,1421,405,525,233,77,13,143
08005006400,47,3357,1380,177,569,554,1300,342,442,2038,1070,455,513
08035014202,13,2159,925,50,212,527,789,133,382,544,372,8,164
08014031300,0,2574,880,8,81,773,862,101,317,267,54,11,202
08059012045,38,6185,2243,107,608,1509,2224,300,935,244,87,22,135
08031002000,313,2256,1698,279,300,913,1492,864,543,4452,958,253,3241
08005081600,192,5159,1869,86,888,833,1807,584,529,1381,220,108,1053
08035013910,0,7582,2515,13,493,1908,2414,199,765,273,90,4,179
08059009806,22,3867,1683,82,450,1120,1652,517,647,3335,241,4,3090
08059009815,0,5395,1921,59,390,1441,1890,280,709,427,131,10,286
08001009104,35,6355,2035,262,787,934,1983,353,638,210,141,11,58
08059011710,70,3889,1918,284,701,800,1785,622,751,179,44,22,113
08001009202,36,4554,1524,163,781,466,1410,250,399,1716,179,9,1528
08001009206,11,2340,848,115,299,434,848,250,281,466,21,154,291
08059012027,17,3122,1267,45,239,912,1196,228,604,626,159,20,447
08059009835,13,3739,1407,94,324,989,1407,296,614,153,42,14,97
08031011903,39,2496,941,103,372,466,941,193,399,277,44,59,174
08001008540,38,8029,2702,25,472,2082,2579,402,640,878,108,362,408
08035014005,28,5008,1805,70,463,1241,1774,300,510,387,34,0,353
08005086400,5,1988,747,10,64,636,710,99,326,256,112,85,59
08031000201,262,3820,1763,407,574,682,1663,658,612,1985,1458,164,363
08059010402,140,5411,3032,474,1488,825,2787,1276,957,5171,2021,641,2509
08019014800,75,1685,864,251,296,238,785,275,313,934,79,133,722
08031005503,174,5025,1873,303,496,1015,1814,395,839,344,43,4,297
08014030200,11,2052,922,68,345,493,906,233,438,2946,1191,416,1339
08005007105,10,7006,2214,164,724,1262,2150,300,666,484,307,41,136
08031004106,63,13570,3906,155,525,3183,3863,662,795,15334,10735,736,3863
08031004107,168,13352,5281,422,1177,3559,5158,1456,1391,8758,1993,2244,4521
08005005634,56,3309,1721,261,632,806,1699,699,734,8127,5630,357,2140
08059011727,17,3538,1538,73,488,977,1538,382,709,956,150,319,487
08059060300,6,4801,1673,60,399,1214,1673,245,595,352,49,146,157
08035014125,64,5123,2293,128,544,1502,2174,671,844,7358,53,604,6701
08059009827,107,6218,2513,323,983,1159,2465,605,931,3013,197,661,2155
08031006901,339,5827,2990,577,1278,874,2729,1266,861,2895,511,144,2240
08001008505,31,7266,2356,271,929,1077,2277,557,620,729,220,232,277
08001008506,386,6775,2764,512,1451,754,2717,1054,695,6901,83,432,6386
08031003300,51,3215,1522,175,319,954,1448,469,605,757,127,2,628
08005087200,224,4142,2227,424,713,857,1994,804,733,1549,436,253,860
08031012010,32,5322,2591,164,1171,1237,2572,1019,933,1906,156,978,772
08059015900,46,3686,1483,153,620,597,1370,322,558,354,72,3,279
08031004104,108,4758,1975,138,541,1251,1930,511,741,684,338,7,339
08031002702,688,6495,4441,653,1783,1906,4342,2859,1266,16119,241,296,15582
08005005952,132,3758,2034,249,672,837,1758,742,530,458,28,91,339
08005083800,37,2892,1158,83,493,512,1088,287,403,286,92,22,172
08035014131,322,5134,2818,314,944,1465,2723,1181,998,11670,2783,1527,7360
08035014001,19,8007,3380,313,959,2051,3323,1089,1015,12057,5940,388,5729
08005006705,12,2034,679,14,51,596,661,8,308,562,22,5,535
08059012038,12,3910,1399,69,437,893,1399,220,588,341,29,198,114
08005005621,101,2774,1224,96,279,808,1183,330,455,356,92,9,255
08059010209,69,6694,2740,251,1261,1117,2629,724,1050,557,67,23,467
08005085100,0,6622,2008,53,243,1679,1975,170,541,312,46,1,265
08059009851,0,3999,1576,66,317,1077,1460,310,517,1694,371,59,1264
08059011806,270,5360,2234,691,782,675,2148,812,559,1154,105,19,1030
08031005002,548,8056,3677,880,1456,1121,3457,1179,1073,3058,309,381,2368
08031000902,21,6145,1961,282,999,637,1918,409,568,309,40,42,227
08031002300,356,5528,2299,312,601,1330,2243,640,880,311,55,1,255
08005084300,27,3740,1169,65,416,688,1169,224,275,469,18,123,328
08005085500,10,5535,1804,53,401,1350,1804,173,731,197,49,50,98
08031003101,110,1812,887,118,291,377,786,284,230,3386,30,40,3316
08031004602,229,7698,2493,600,1159,662,2421,641,620,596,99,57,440
08035014112,20,3913,1485,60,267,1105,1432,252,525,103,29,2,72
08014031200,25,4872,2538,253,774,1299,2326,731,1067,5545,3506,276,1763
08001007900,265,5627,2064,488,966,496,1950,527,665,786,221,84,481
08001008308,82,5648,1950,466,953,465,1884,459,555,4060,2505,433,1122
08005007202,177,4218,1385,335,653,361,1349,336,380,225,15,9,201
08005007702,51,4199,1609,136,732,631,1499,411,494,224,30,67,127
08035014405,32,7560,2432,109,395,1912,2416,225,708,438,119,9,310
08059010502,190,5092,2330,370,936,1007,2313,705,1083,4740,80,162,4498
08059010603,115,3407,1761,348,717,617,1682,761,535,2124,174,613,1337
08059010213,44,4809,1894,282,697,867,1846,507,563,1836,1183,60,593
08005086600,18,5909,2587,154,894,1521,2569,487,1453,456,95,44,317
08001060000,74,6338,2228,59,648,1500,2207,399,723,2603,248,1014,1341
08059009837,0,6533,2210,85,333,1792,2210,172,907,590,294,9,287
08059009845,0,4210,1829,76,313,1389,1778,353,903,1658,343,52,1263
08035014503,53,5683,2247,189,787,1228,2204,503,815,8713,172,601,7940
08059010801,35,2520,1142,137,301,691,1129,365,418,614,166,39,409
08031008386,31,5449,1288,211,450,627,1288,129,148,300,17,162,121
08005007400,139,5386,1661,386,671,569,1626,464,376,5905,30,160,5715
08059012048,143,2449,1099,148,356,535,1039,379,340,915,95,151,669
08005006856,31,9231,3949,534,1136,1772,3442,1398,1023,34734,15529,1310,17895
08059009828,85,5802,2247,314,765,1168,2247,790,700,1071,39,35,997
08059012034,0,3710,1433,80,168,1144,1392,113,748,301,71,13,217
08035014204,0,3213,1198,31,194,973,1198,153,544,274,136,3,135
08005005630,0,5824,2234,158,625,1399,2182,336,933,980,55,137,788
08005005951,568,4509,2617,782,1201,558,2541,1722,493,5960,64,231,5665
08035014602,19,2658,1027,58,205,732,995,156,470,370,256,31,83
08035013911,12,7409,2172,38,271,1841,2150,216,522,565,249,3,313
08005084600,32,5404,1973,154,925,875,1954,456,641,856,109,240,507
08005007302,468,5121,1980,524,1033,254,1811,604,493,1538,42,413,1083
08005005552,93,2754,1326,422,636,236,1294,591,387,2129,1267,49,813
08031003500,91,6636,1995,425,813,571,1809,324,397,7121,4997,126,1998
08005006857,29,2238,899,47,170,659,876,195,367,211,36,0,175
08035014136,90,9614,3109,150,596,2363,3109,455,822,2059,178,439,1442
08047013800,58,6018,3799,340,1057,1405,2802,965,1293,4583,128,18,4437
08005006706,66,5262,2102,101,579,1391,2071,495,736,687,97,7,583
08031003001,65,5874,2865,235,643,1841,2719,807,1205,2535,406,236,1893
08059009852,17,4038,1602,75,390,1072,1537,257,644,3412,2010,108,1294
08059011724,0,6739,2427,75,296,2043,2414,253,981,350,94,14,242
08005006603,69,3310,1480,330,385,714,1429,415,558,291,25,76,190
08014980200,0,0,0,0,0,0,0,0,0,21,0,21,0
08031006812,123,4096,2324,404,741,1054,2199,1051,841,2375,70,292,2013
08035014133,16,6337,2184,120,338,1680,2138,302,747,534,84,5,445
08005081700,12,2991,985,61,125,799,985,105,353,470,34,94,342
08035014107,36,3775,1381,68,194,1119,1381,198,546,1274,123,429,722
08001009407,38,5133,1793,269,837,677,1783,492,423,2140,59,45,2036
08005081900,354,6903,2482,788,1074,511,2373,551,746,369,76,56,237
08031000904,455,5583,2050,783,803,365,1951,711,408,150,31,54,65
08031004006,107,4857,2361,403,534,1081,2018,651,656,902,89,74,739
08001008534,26,4946,1421,78,295,992,1365,118,373,193,50,29,114
08001008603,71,1937,794,277,363,107,747,243,201,825,189,79,557
08001008605,86,4278,1448,258,399,763,1420,335,488,3593,612,33,2948
08035014505,12,5797,2353,96,685,1477,2258,504,895,1583,538,301,744
08001009002,95,10038,3376,361,1528,1219,3108,653,735,835,229,28,578
08001008606,193,6120,2441,320,1400,701,2421,850,630,4269,236,151,3882
08005005632,6,3416,1223,97,246,856,1199,157,478,3355,109,594,2652
08005006707,20,5143,1897,69,529,1273,1871,417,627,7003,1623,159,5221
08059011402,212,4453,2086,565,943,495,2003,869,722,2263,147,797,1319
08059011601,106,3855,1492,247,607,540,1394,316,570,1775,325,573,877
08005086000,41,8476,2502,67,642,1745,2454,280,644,336,123,0,213
08001060100,34,7879,2483,143,607,1677,2427,330,754,1658,108,680,870
08035014603,0,6892,2219,104,434,1613,2151,233,635,245,97,6,142
08005006854,117,3097,1268,163,432,648,1243,349,468,8686,57,308,8321
08005082500,24,2276,748,36,268,427,731,120,255,51,25,1,25
08001008539,41,11059,3252,110,962,2130,3202,422,759,1129,198,256,675
08031007013,40,3927,2057,178,877,946,2001,851,745,919,251,36,632
08031004101,289,4589,2143,591,921,561,2073,897,612,6166,5182,103,881
08035014010,43,5997,2344,156,521,1575,2252,380,797,1573,158,695,720
08093000100,46,7051,3409,323,933,1335,2591,608,1114,936,216,133,587
08035014128,0,4859,1856,43,481,1325,1849,338,634,616,42,268,306
08001009318,103,6254,2275,686,1149,395,2230,763,599,985,20,275,690
08005084700,19,4292,1665,81,592,960,1633,424,516,315,40,48,227
08001009751,24,3944,1368,360,678,281,1319,264,405,1502,1246,55,201
08005086500,92,5159,2022,105,752,1082,1939,504,570,891,76,372,443
08005015100,12,2835,1064,55,238,771,1064,187,475,296,31,0,265
08005080100,409,4051,1949,597,800,480,1877,829,616,1287,67,283,937
08031001000,126,4803,1413,398,620,395,1413,265,285,5803,3690,431,1682
08059011731,20,4317,2137,198,781,1073,2052,729,772,507,327,1,179
08059010305,76,3640,1666,297,644,700,1641,549,599,1266,48,18,1200
08059012043,44,5766,2233,139,480,1600,2219,422,886,857,108,121,628
08059009900,33,2534,1145,154,385,485,1024,291,417,3158,2341,341,476
08059012022,15,5809,2345,181,597,1546,2324,430,1059,974,152,277,545
08005085300,12,2441,994,42,251,649,942,230,346,405,8,31,366
08005006855,18,5806,2022,103,416,1465,1984,253,595,8697,2696,590,5411
08031015300,167,4019,2393,382,1199,669,2250,1126,818,939,70,100,769
08035014006,0,6934,2177,84,221,1814,2119,235,531,425,122,16,287
08059012046,8,2270,856,72,311,473,856,191,322,769,71,197,501
08031003202,335,3456,2192,376,858,874,2108,1191,797,781,35,51,695
08039961100,29,2227,1012,151,415,337,903,198,420,262,86,14,162
08039961207,9,3930,1549,121,330,1001,1452,246,644,585,246,47,292
08039961205,0,2057,809,121,248,419,788,223,309,78,46,2,30
08059010503,126,4222,2053,362,780,831,1973,667,828,1837,165,548,1124
08059009808,83,6024,2790,501,611,1563,2675,729,1245,2509,497,120,1892
08059009839,4,2379,835,37,243,555,835,87,348,861,450,72,339
08059009842,35,3408,1301,150,283,868,1301,290,508,2281,1370,408,503
08014030600,0,6027,2264,110,841,1271,2222,308,805,156,42,9,105
08035014109,55,2882,1301,28,241,965,1234,306,617,649,121,13,515
08035013909,47,6016,2269,86,606,1529,2221,349,847,1138,402,52,684
08001008542,39,9823,3121,202,716,2040,2958,421,837,1119,493,188,438
08031002100,425,6568,3294,489,1025,1602,3116,1303,1132,9986,4297,1247,4442
08001009411,14,2974,1260,102,364,776,1242,293,532,618,36,256,326
08005005612,19,3789,1577,176,462,840,1478,415,491,1585,105,1027,453
08031002602,273,2885,1835,214,538,1000,1752,975,682,1759,44,87,1628
08031003004,44,6559,2638,316,849,1245,2410,767,839,8488,36,238,8214
08014980300,0,0,0,0,0,0,0,0,0,NA,NA,NA,NA
08001009553,98,3760,1223,208,498,517,1223,249,338,8857,6215,595,2047
08001008538,0,8171,2524,97,385,1931,2413,218,699,563,127,10,426
08035014604,16,4245,1380,81,148,1129,1358,149,436,223,65,2,156
08001008529,187,7446,3529,366,1697,1307,3370,1227,1158,5598,1755,991,2852
08031003603,52,3530,1569,199,458,839,1496,404,606,1168,38,45,1085
08059011712,0,4313,1786,156,503,1101,1760,409,720,298,77,4,217
08059011721,24,2541,1236,136,312,662,1110,372,357,739,81,5,653
08031003901,102,4204,2618,268,347,1582,2197,887,924,3547,311,377,2859
08014030700,34,2941,1277,199,326,752,1277,396,428,239,25,26,188
08001008401,47,4978,1787,258,634,816,1708,335,614,1101,307,177,617
08001008547,15,3663,1192,35,406,674,1115,179,366,563,15,213,335
08001009320,67,2643,1232,252,592,218,1062,372,263,2451,265,109,2077
08001009103,33,4435,1255,164,685,299,1148,147,213,121,43,12,66
08031003002,126,2780,1446,80,473,775,1328,504,491,3575,84,101,3390
08059009807,72,1737,829,127,254,425,806,272,313,4566,496,501,3569
08059009823,10,4829,1796,103,463,1199,1765,360,703,126,71,1,54
08031015600,270,8879,2544,573,1021,755,2349,432,356,3958,2114,592,1252
08005005624,14,2443,882,46,146,690,882,117,416,1196,85,14,1097
08059009824,42,4750,1871,138,674,993,1805,379,557,542,136,17,389
08031000501,25,2183,1044,74,198,693,965,239,444,455,227,27,201
08059012023,21,3545,1343,67,371,868,1306,198,527,289,137,17,135
08005007103,6,1716,592,22,121,449,592,67,272,447,197,36,214
08059009836,8,4016,1499,35,432,1032,1499,208,642,551,138,1,412
08059060400,0,3613,1479,77,389,1002,1468,387,539,7658,1111,772,5775
08031003800,478,6850,4783,562,989,2514,4065,1991,1688,15250,1235,4654,9361
08031006804,39,3168,1970,111,558,1010,1679,675,754,17665,4992,66,12607
08035014135,4,4868,1652,74,186,1254,1514,110,486,1916,1261,29,626
08005004952,93,3193,2009,257,953,631,1841,912,770,11204,447,2021,8736
08031002801,148,3002,1961,255,656,928,1839,1095,532,1813,453,205,1155
08035014404,32,2612,1146,69,208,809,1086,150,627,172,36,2,134
08059011709,20,3633,1615,126,840,636,1602,488,575,383,43,10,330
08005083200,18,9380,2811,74,627,2110,2811,254,781,513,101,90,322
08031001701,842,7500,6123,940,995,3011,4946,2731,2014,38525,7742,740,30043
08005080700,208,5801,1952,274,925,753,1952,611,544,4604,47,314,4243
08059980400,0,1308,0,0,0,0,0,0,0,188,0,0,188
08031000302,46,4587,2123,156,554,1358,2068,684,836,1064,126,283,655
08031008304,33,3790,1030,195,439,375,1009,162,202,51,35,0,16
08059011725,15,1844,705,36,215,454,705,162,289,74,21,0,53
08005007500,32,2559,788,93,351,328,772,145,235,83,15,3,65
08001008523,71,9226,3032,249,700,2020,2969,427,1057,5660,1526,1702,2432
08001008353,17,8538,2742,204,1105,1433,2742,616,806,10581,7067,266,3248
08031006814,60,5296,2221,441,872,783,2096,666,648,1785,274,63,1448
08001988700,0,0,0,0,0,0,0,0,0,1087,42,199,846
08031008388,60,10738,3901,199,2054,1481,3734,1074,1039,2288,620,83,1585
08005006808,7,5839,1874,20,311,1543,1874,187,605,446,92,10,344
08031002902,14,4239,2055,132,365,1440,1937,618,796,1064,73,149,842
08031006701,108,4080,2715,245,864,1350,2459,1241,1024,2748,443,0,2305
08035013908,15,6560,2514,117,417,1940,2474,302,1121,452,115,6,331
08035014140,20,5309,1776,59,199,1447,1705,198,584,648,163,132,353
08005006300,10,2601,1248,154,426,574,1154,339,428,454,51,122,281
08001008541,36,6241,2194,65,399,1707,2171,171,1196,575,372,0,203
08059009850,0,2540,1139,90,136,856,1082,281,473,529,150,22,357
08001008550,55,8220,2760,176,737,1720,2633,510,727,304,143,28,133
08001008537,11,6846,1968,105,603,1220,1928,153,520,2131,1716,76,339
08059012041,20,5885,2205,60,623,1502,2185,434,866,736,138,118,480
08035014506,16,5410,1859,56,165,1536,1757,191,616,385,210,3,172
08093000300,7,2900,2603,272,479,394,1145,433,357,823,146,94,583
08005080900,38,4901,1363,132,605,616,1353,307,325,404,18,100,286
08035014011,83,5608,2211,109,480,1482,2071,473,570,865,42,107,716
08035014009,11,4252,1309,62,252,976,1290,172,327,887,109,22,756
08035014132,0,6394,2002,21,279,1680,1980,108,623,479,139,2,338
08035013905,100,4265,1774,242,508,982,1732,470,647,3248,179,600,2469
08001061200,0,2795,904,15,100,710,825,67,266,1360,70,790,500
08005005636,0,1833,717,33,113,528,674,109,298,139,21,0,118
08005084900,9,3421,1093,41,152,900,1093,93,429,1504,149,761,594
08005005622,11,2631,1072,62,232,764,1058,188,470,599,108,19,472
08031003701,215,3677,2106,329,624,1006,1959,976,717,1957,37,211,1709
08059009838,0,4904,1829,0,353,1476,1829,340,684,921,534,20,367
08031007088,353,4922,2668,469,971,1075,2515,1154,881,492,30,49,413
08039961209,16,2182,933,125,273,468,866,194,336,464,90,25,349
08005007107,67,11605,3507,160,608,2667,3435,388,853,4827,338,1774,2715
08031003401,38,2658,1529,88,323,980,1391,581,525,387,41,11,335
08059011100,395,6565,3069,646,1213,977,2836,1005,1017,9737,694,401,8642
08005086800,207,7377,3423,562,1394,1192,3148,1134,813,832,36,146,650
08014030900,51,5423,2236,73,574,1561,2208,478,872,550,131,25,394
08035013901,0,7807,3289,135,764,2158,3057,639,1294,3950,509,277,3164
08031004404,235,6698,2745,657,1098,731,2486,769,803,653,35,86,532
08031003902,42,4502,1934,73,426,1327,1826,544,563,6820,437,520,5863
08059009841,27,2202,900,71,234,559,864,158,415,712,13,44,655
08035014108,17,4849,1854,80,406,1324,1810,329,648,750,83,13,654
08059011702,124,5693,2307,276,728,1231,2235,648,763,1249,88,138,1023
08035014138,29,3059,1761,125,554,951,1630,721,566,2797,239,1051,1507
08001009304,33,5756,2108,203,1048,843,2094,501,598,1414,62,501,851
08035014012,0,7976,2853,122,556,1993,2671,377,872,2697,844,563,1290
08005085200,5,3013,949,21,109,815,945,52,385,271,39,8,224
08035014008,70,9343,3331,106,382,2698,3186,325,1131,1059,220,32,807
08059009830,18,2245,1024,106,444,474,1024,377,327,446,31,73,342
08031008389,45,11639,3754,217,1194,2268,3679,601,1069,1229,424,208,597
08005080400,74,4946,2028,226,879,895,2000,574,679,7333,914,813,5606
08059010308,32,5829,2502,241,633,1484,2358,693,658,2304,691,233,1380
08001008000,192,5818,1928,411,940,443,1794,438,506,145,41,17,87
08005085800,0,1784,654,31,210,396,637,108,226,28,15,0,13
08035013904,18,4452,1868,161,939,745,1845,499,705,5650,1346,1385,2919
08031003102,452,3527,2245,665,564,780,2009,1200,605,7271,162,142,6967
08059015800,184,4442,2070,205,964,901,2070,782,767,3948,1586,720,1642
08039961204,32,8121,2640,197,442,2001,2640,223,1083,801,368,27,406
08005080800,41,3699,1156,168,555,397,1120,258,315,433,6,110,317
08031004005,332,3299,1859,276,769,626,1671,756,678,1100,17,74,1009
08001008535,44,3883,1222,56,409,724,1189,73,465,5698,4530,90,1078
08031004601,96,6481,2089,371,968,702,2041,422,587,669,78,236,355
08059011733,40,1727,945,149,342,396,887,422,283,6859,354,33,6472
08059010307,186,5110,2112,306,1056,750,2112,684,803,633,58,247,328
08059011000,278,6290,2441,509,1052,869,2430,775,824,2022,321,319,1382
08059011904,84,2716,1422,222,646,466,1334,547,478,4947,1203,157,3587
08035014126,57,2130,1125,51,349,685,1085,394,426,1683,264,588,831
08005086100,11,4848,1619,82,408,1095,1585,274,389,266,33,21,212
08031000402,372,5750,3350,580,725,1783,3088,1420,1158,3033,315,181,2537
08035014403,36,6148,2293,136,580,1569,2285,276,1135,1919,809,35,1075
08001009310,172,6290,2001,321,875,695,1891,436,592,198,68,0,130
08031001702,803,4491,3416,610,708,1333,2651,1661,851,72640,11148,1361,60131
08001008536,6,3495,1091,29,140,909,1078,148,358,176,81,23,72
08031000600,213,3490,2208,443,615,1001,2059,996,858,3927,338,178,3411
08059012053,22,4010,1468,155,354,912,1421,221,529,968,687,18,263
08031002803,297,4999,3545,395,1557,1364,3316,2023,1042,1106,253,24,829
08005081400,224,4213,1759,243,647,752,1642,663,404,5261,335,239,4687
08059010211,122,3457,1446,267,463,666,1396,412,547,831,88,79,664
08031000301,397,5869,2902,460,755,1593,2808,1093,1008,2315,163,330,1822
08001008551,12,1569,497,25,60,383,468,41,155,68,20,0,48
08059009849,101,5660,2494,405,858,1108,2371,708,939,4918,1491,431,2996
08005082600,183,5556,2375,153,1298,783,2234,906,665,783,80,30,673
08001009001,264,4420,1537,314,635,515,1464,346,378,2230,566,381,1283
08001008802,83,5396,1252,167,536,481,1184,96,279,7238,5786,153,1299
08031006809,162,7800,3719,435,1465,1777,3677,1392,1458,3664,241,583,2840
08005005551,83,2951,1200,288,570,264,1122,328,409,8158,5379,438,2341
08059012031,0,4092,1620,59,284,1206,1549,145,880,577,291,10,276
08059009846,28,4733,2046,140,366,1419,1925,377,881,2010,412,600,998
08031000800,145,1437,466,315,71,25,411,52,117,2542,1767,157,618
08001008545,55,7138,2248,84,423,1696,2203,240,841,501,122,2,377
08005083300,21,4456,1798,152,543,1040,1735,434,679,756,19,354,383
08059012057,53,5992,2667,286,871,1455,2612,872,980,1325,79,236,1010
08005005619,42,5102,1900,120,650,1088,1858,457,659,517,47,26,444
08059010405,211,2749,1600,388,740,465,1593,878,482,4725,401,1534,2790
08005086700,12,5485,1667,42,177,1386,1605,77,456,752,84,57,611
08001009204,20,6836,2646,189,1094,1363,2646,691,1043,1090,106,456,528
08031980000,13,1708,678,110,345,223,678,245,124,19080,12036,579,6465
08031004302,81,2662,1312,101,346,785,1232,435,458,358,34,47,277
08005083600,26,3758,1671,154,791,642,1587,552,528,419,56,67,296
08031011902,272,6229,2988,356,1336,1128,2820,1061,1013,435,34,48,353
08001009322,149,5296,1747,300,829,542,1671,410,450,674,67,445,162
08005083900,21,3071,1562,115,716,657,1488,722,441,448,23,80,345
08031001101,56,2484,1096,230,380,367,977,224,490,867,187,11,669
08014031400,5,6317,2427,46,494,1686,2226,302,942,335,52,25,258
08035014504,93,4637,1861,250,717,826,1793,528,543,4893,578,163,4152
08035014122,32,7137,2685,124,443,1894,2461,313,953,1695,196,338,1161
08059012033,0,2815,1286,40,246,901,1187,186,643,653,97,147,409
08005080000,17,3834,1339,181,803,281,1265,240,347,600,25,418,157
08059012050,110,4140,1828,205,502,1113,1820,531,774,2105,115,793,1197
08059012024,64,5387,2107,146,391,1496,2033,347,772,5616,1629,211,3776
08039961208,14,3465,1288,61,397,807,1265,167,592,1424,244,316,864
08059009829,15,1841,678,21,131,526,678,109,215,444,12,206,226
08059010206,21,3878,1675,126,550,956,1632,439,671,1529,99,569,861
08031001500,172,4377,1271,326,631,263,1220,317,381,7129,4133,259,2737
