GEOID,new_oneperson_hh,new_twoperson_hh,new_total_tract_population,new_total_housing_units,new_hh_income_low,new_hh_income_mid,new_hh_income_high,new_nocar,new_basic,new_retail,new_service,new_total_emp
08005007704,1724.46,1349.33,7658.2,3073.79,510.95,1706.4,856.44,136.65,0,0,144.1543529,144.1543529
08005007301,706.07,769.27,3140.96,1475.34,229.01,880.22,366.11,148.91,9.651764706,38.60705882,865.9011765,914.160000026
08059009841,268.76,705.93,2384.76,974.7,80.1,263.98,630.62,29.24,14.07896458,47.65188011,709.3632153,771.09405999
08005007500,310.5,503.22,2642.5,813.71,98.02,369.97,345.72,33.04,15.489449,3.097889801,67.12094568,85.708284481
08005080800,1413.91,1726.29,10048.09,3140.2,471.03,1556.08,1113.09,111.37,16.29860503,298.8077589,861.1096323,1176.21599623
08031015700,1349.61,1137.03,6387.69,2486.64,758.4,936.4,791.84,388.94,17.00266844,7.438667443,210.408022,234.84935788299998
08005007201,1463.41,1049.18,7593.57,2512.59,917.23,885.87,709.48,178.54,22.3176194,42.77543718,909.4429904,974.53604698
08005085800,362.45,758.47,3057.67,1120.92,54.55,369.53,696.83,0,25.70910874,0,22.28122758,47.99033632
08031004303,625.02,1056.85,4218.72,1681.86,92.49,256.21,1333.16,10.05,27.12680162,140.6574899,944.4145749,1112.19886642
08059010304,654.52,607.9,2990.27,1262.42,133.12,495.87,633.43,115.55,28.07765258,18.35846515,321.813095,368.24921272999995
08031005001,492,713.24,2856.02,1205.24,158.14,475.55,571.56,62,30.47261957,68.30069904,701.9210302,800.6943488100001
08031007088,1554.92,1187.07,5058.5,2741.99,511.33,1058.64,1172.02,362.79,30.83197887,50.35889882,424.4535758,505.64445349000005
08001009309,1101.67,925.08,5319.91,2026.75,497.34,826.41,703.01,188.22,31.16160965,26.17575211,224.3635895,281.70095126
08031003101,522.2,422.91,1930.7,945.11,141.89,349.91,453.31,117.21,31.96523179,42.62030905,3533.22362,3607.80916084
08059009832,631.71,871.04,4089.01,1502.74,102.25,562.37,838.13,32.37,32.36683377,739.8133434,1071.18807,1843.36824717
08031011902,1628.67,1554.99,6636.89,3183.66,401.91,1508.29,1273.46,289.81,36.22640231,51.1431562,376.1152946,463.48485311
08005084400,577.08,1038.1,4816.01,1615.17,83.86,633.65,897.66,18.64,41.93236698,0,23.29575943,65.22812641
08001009318,2702.8,2121.86,13263.05,4824.66,1484.18,2485.89,854.59,218.44,42.41461465,583.2009514,1463.304205,2088.91977105
08005081300,429.67,937.91,3841.3,1367.58,38.52,751.21,577.85,96.79,42.73697644,202.3721531,126.9539594,372.06308894
08005082300,2654.13,1843.51,12956.81,4497.64,498.65,2330.3,1668.69,146.49,43.63611739,557.9189295,504.9322155,1106.48726239
08005085700,1566.86,1706.07,8206.89,3272.93,380.35,1579.9,1312.68,67.31,43.66334737,427.536943,334.7523299,805.95262027
08031003603,725.52,1088.28,4080.75,1813.79,241.27,555.29,1017.23,60.11,43.92875354,52.02089235,1254.281516,1350.23116189
08031001301,612.64,1207.66,5405.39,1820.3,340.73,859.04,620.53,197.34,45.22478798,230.2352843,630.0635235,905.5235957799999
08031005503,637.83,1354.78,5345.88,1992.6,332.83,544.84,1114.94,185.11,45.74583881,4.255426866,315.9654448,365.966710476
08031003702,2739.62,1227.46,6801.1,3967.08,879.16,1793.08,1294.84,685.01,46.30304365,245.1337605,615.5581097,906.9949138500001
08005080000,1020.56,1475.57,7147.24,2496.13,357.15,1584.5,554.48,31.69,46.60432968,779.2243923,292.6751904,1118.50391238
08005083300,1745.5,2730.86,11093.81,4476.36,392.17,1400.96,2683.24,52.28,47.30304982,881.3305072,953.529899,1882.16345602
08001009501,748.46,592.45,3665.68,1340.91,321.91,603.01,415.99,133.75,47.60623377,115.6151391,837.6430179,1000.86439077
08005084100,780.95,1820.2,7487.61,2601.15,322.46,1020.29,1258.41,56.69,50.20893576,8.098215445,254.283965,312.591116205
08005080600,3171.36,1831.04,9128.71,5002.4,492.51,3510.55,999.33,100.58,50.28863149,79.40310235,1135.464364,1265.1560978399998
08005084500,1308.81,2428.51,9053.03,3737.32,254.96,1829.93,1652.43,139.09,51.40330995,0,492.8670307,544.27034065
08005083100,2787.72,4475.27,18796.41,7262.99,583.53,2883.67,3795.79,127.52,51.5490459,84.10633805,268.5976602,404.25304415000005
08005007702,1265.86,1521.49,7274.13,2787.35,252.89,1361.13,1173.33,88.35,51.97044534,116.0673279,220.0082186,388.04599183999994
08031008306,976.62,1169.08,7766,2145.7,320.57,1124.79,700.34,271.18,55.10100167,0,205.2782415,260.37924317
08001009103,684.47,991.78,5923.64,1676.25,239.46,1000.2,436.58,44.08,57.43326268,16.02788726,88.15337993,161.61452987
08005083500,1887.98,2520.98,12995.58,4408.96,582.63,1847.05,1979.28,146.83,58.33026157,522.9609658,925.2386318,1506.52985917
08031002402,466.79,645.8,4401.16,1112.59,238.23,318.06,556.3,212.97,58.42247788,354.8624582,917.4492822,1330.7342182799998
08059009835,650.68,1349.73,5315.94,2000.41,133.64,460.65,1406.12,18.48,59.71368815,19.90456272,137.9101845,217.52843537
08031004005,1663.2,1491.6,12196.54,3154.8,521.08,1451.85,1181.87,563.42,62.84970597,273.5810731,3730.314901,4066.74568007
08005084200,977.28,2431.85,9573.07,3409.13,166.62,1631.84,1610.68,43.28,63.65073138,145.1236676,743.4405426,952.21494158
08005082900,1144.14,2035.25,8839.07,3179.39,208.89,1247.61,1722.89,16.26,65.03301042,3.612945024,37.93592275,106.581878194
08001009407,1076.27,925.33,5730.19,2001.6,301.98,939.62,760,42.42,65.86425287,50.23544711,2272.874896,2388.97459598
08005084700,1247.9,1518.67,7131.58,2766.56,137.23,1002.94,1626.39,31.57,66.4639329,79.75671948,377.1828192,523.40347158
08031004003,1152.07,1190.61,8820.48,2342.68,334.99,726.57,1281.12,192.13,66.93273891,1382.579388,1610.56903,3060.08115691
08005087100,2328.32,1391.26,7269.75,3719.59,854.65,1930.78,934.16,450.94,67.7710649,1613.47266,2450.184654,4131.4283789
08031000904,1572.4,902.31,12322.66,2474.71,993.18,1018.55,462.98,549.27,68.42243597,119.1874691,143.466398,331.07630307
08031000903,1097.73,981.11,6079.01,2078.84,576.35,1145.01,357.47,149.43,68.65515363,115.0983458,300.8711144,484.62461383000004
08059010209,1209.8,1754.54,7242.06,2964.33,283.02,1421.84,1259.48,74.65,72.4855124,24.88308635,505.2348402,602.60343895
08031006812,1386.95,1109.82,4400.5,2496.77,458.71,841.34,1196.72,132.14,75.20385742,313.7075195,2162.648071,2551.55944792
08001009603,2033.22,1424.89,9114.59,3458.11,620.85,2003.78,833.49,255.73,77.00833254,39.23065997,1862.729855,1978.9688475100002
08001009207,955.17,2394.13,9964.16,3349.3,394.8,1715.86,1238.63,75.36,79.54581513,0,127.6919664,207.23778153
08005080200,1131.22,1838.53,8442.49,2969.75,288.97,872.34,1808.44,153.4,79.98010405,984.6730843,1398.996246,2463.64943435
08031004404,1726.31,1802.64,15308.9,3528.95,932.63,1558.64,1037.68,302.11,79.995745,196.5609734,1215.935324,1492.4920424000002
08005082200,2277.55,2281.46,13143.7,4559.01,787.92,2245.8,1525.29,275.93,80.30773931,123.5503682,751.598073,955.45618051
08005080700,1787.16,1591.19,10039.85,3378.35,474.21,1600.91,1303.22,359.99,81.34338045,543.4430098,7343.403474,7968.18986425
08005082800,1576.2,1972.81,9693.05,3549.01,376.26,1534.44,1638.31,85.18,83.28338215,64.35534075,463.7370143,611.3757372
08005087000,4949.4,3366.68,19259.07,8316.08,1116.92,3894.01,3305.16,676.85,84.14867211,3095.207679,2480.556508,5659.91285911
08031005102,821.79,1033.46,3983.29,1855.24,242.79,538.3,1074.15,19.24,89.423106,95.08279625,730.1000426,914.60594485
08031003401,954.41,862.42,5816.36,1816.83,114.94,421.88,1280.01,45.15,89.71811889,24.07071482,733.0626787,846.8515124099999
08031002602,1137.54,795.69,5924.43,1933.23,236.14,593.65,1103.44,287.61,90.35525823,178.6569879,3343.144555,3612.1568011299996
08001009322,1137.14,1248.08,7230.73,2385.21,428.23,1183.33,773.66,203.43,91.47638029,607.5670034,221.1816956,920.2250792899999
08005085900,570.03,1751.49,7299.87,2321.52,108.99,433.54,1778.99,41.91,93.14028708,39.58462201,173.4737847,306.19869379
08059010205,517.55,925.39,3437.82,1442.95,154.23,329.22,959.49,119.18,93.64264135,11.35062319,79.45436236,184.44762690000002
08059010209,1568.5,2274.75,9389.31,3843.25,366.93,1843.41,1632.91,96.78,93.97725874,32.26085001,655.0355199,781.2736286500001
08001009326,442.6,739.16,2938.25,1181.77,106.39,423.47,651.9,14.6,94.91684416,206.5223642,56.32428115,357.76348951
08031004302,1145.6,1206.17,7433.67,2351.78,192.8,660.48,1498.49,145.19,94.94544703,131.248118,773.526142,999.7197070300001
08031006813,2579.45,1481.35,15332.53,4060.8,653.83,2376.65,1030.33,584.6,100.002525,989.3106942,4603.687671,5693.0008902
08059009833,3358.41,3313.63,15105.38,6672.05,988.67,2489.01,3194.37,0,109.7375954,441.6938213,1102.862833,1654.2942497
08059010305,1867.42,2037.49,8531.74,3904.91,706.74,1532.46,1665.71,178.14,112.5064615,42.18992308,2812.661538,2967.35792258
08001009304,1761.82,2102.93,10552.9,3864.75,374.66,1934.22,1555.87,60.5,113.66918,918.5203092,1560.201164,2592.3906532
08031003201,5136.09,4356.8,26907.62,9492.89,1032.73,4130.94,4329.22,737.61,124.1253614,105.7364189,3985.80327,4215.6650503
08031003004,1877.49,2053.74,22892.43,3931.23,515.46,1384.9,2030.86,65.57,125.6483427,830.6751547,28668.76353,29625.0870274
08059010307,2124.42,2494.03,11174.37,4618.45,669.15,2309.23,1640.07,406.74,126.8323796,540.1309961,717.2589746,1384.2223503
08031003202,2158.65,1444.54,12592.93,3603.18,642.69,1466.57,1493.92,550.67,127.5325666,185.8331684,2532.432393,2845.798128
08031004602,1674.87,1620,10174.07,3294.88,816.57,1577.35,900.95,302.66,130.8434567,75.33411146,581.5264744,787.70404256
08005081900,1828.65,2475.82,11971.7,4304.47,1429.38,1948.17,926.92,613.93,131.8048964,97.11939736,411.0231638,639.94745756
08001008508,1369.83,1756.43,9154.46,3126.27,271,1123.17,1732.1,112.98,133.9598343,77.47074753,789.2332405,1000.6638223299999
08031000702,4108.64,3306.83,19288.75,7415.47,2321.36,2969.77,2124.33,1739.13,136.6571161,225.0823088,3074.785111,3436.5245359
08005080100,2288.81,1700.74,8292.29,3989.55,1268.92,1700.39,1020.24,837.21,137.1472303,579.2935251,1918.014251,2634.4550064
08005007703,1390.68,1159.34,7100.67,2550.02,405.58,1120.92,1023.52,229.3,138.5046164,475.5325163,306.2490962,920.2862289
08005007600,1267.39,1335.08,7375.32,2602.47,810.57,1158.57,633.33,293.35,142.7097662,152.6201666,1512.327106,1807.6570388
08059010208,1515.58,2324.91,10066.61,3840.49,452.86,1385.12,2002.5,21.03,143.7335922,737.9492965,1090.271882,1971.9547707
08005006854,1382.47,1853.85,7904.49,3236.32,424.39,1124.77,1687.16,298.62,145.481411,786.1100807,21237.73371,22169.3252017
08001008540,1438.43,2290.03,11079.14,3728.46,36.14,682.37,3009.95,52.44,149.0281629,499.52032380000003,562.9952821,1211.5437688000002
08059010210,926.43,1610.83,6169.61,2537.26,141.25,948.64,1447.37,134.78,149.9440989,5.054295467,165.1069853,320.10537966699997
08031003701,2532.95,1860.78,15025.29,4393.73,737.9,1399.53,2256.3,448.55,151.1927468,862.2072858,6983.470386,7996.8704185999995
08059010206,1018.85,1557.29,5964.36,2576.15,198.89,868.19,1509.07,32.3,152.2618979,875.1214131,1324.217112,2351.600423
08031015300,1649.74,1198.48,8802.53,2848.22,483.56,1517.78,846.87,198.77,153.3160239,219.0228913,1684.286034,2056.6249491999997
08031004700,1198.46,1652.2,8594.85,2850.67,496.78,1127.26,1226.62,178.54,155.9237432,173.777607,411.8291234,741.5304736
08005083600,2495.44,2386.94,10980.23,4882.38,473.78,2433.5,1975.1,75.97,163.6223736,195.7624827,864.86111759999994,1224.2459739
08001008545,677.96,2375.69,9696.14,3053.65,116.43,586.33,2350.88,74.71,165.7227627,2.716766601,512.1105043,680.550033601
08031000301,1580.28,1457.39,6143.39,3037.67,497.62,816.75,1723.3,415.56,170.6206458,345.4283012,1907.182924,2423.231871
08001008550,1377.31,1963.34,9949.34,3340.65,223.3,935.08,2182.27,66.57,173.0846253,33.89069586,160.9808054,367.95612656000003
08059009840,1346.91,1326.15,6148.21,2673.06,372.59,945.14,1355.33,263.45,181.2245306,50.34014738,1558.866564,1790.4312419799999
08001009206,3483.58,3915.55,20417.41,7399.13,1003.42,2608.89,3786.82,95.98,183.2331667,1343.709889,2539.088167,4066.0312227
08005084600,1379.76,1939.52,9091.43,3319.28,261.6,1571.31,1486.37,53.84,183.3763638,403.7644708,852.9524445,1440.0932791
08001009401,1136.44,1608.43,8060.17,2744.87,392.34,1225.69,1126.84,146.11,184.879963,16.40064188,2485.442728,2686.72333288
08059009815,770.78,1951.71,7645.93,2722.49,84.99,561.78,2075.72,0,185.6565023,14.17225209,405.3264096,605.15516399
08005005628,1764.32,1815.46,9079.62,3579.78,265.05,976.59,2338.14,223.16,185.9625192,263.4469022,1304.83701,1754.2464314
08059009836,507.39,1566.08,5555.07,2073.47,48.41,597.56,1427.5,11.07,190.8863695,1.383234562,569.8926394,762.162243462
08031004306,1375.9,1346.98,16602.11,2722.88,265.33,765.33,1692.22,103.95,202.6548638,21.82436995,1727.242993,1951.7222267500001
08001009204,2087.2,3150.43,13531.53,5237.63,374.12,2165.52,2697.99,39.59,209.821852,902.6298537,1045.150357,2157.6020627
08005083700,1156.42,2938.3,12083.59,4094.72,145.36,1494.72,2454.64,203.27,211.2889796,197.9162594,1856.133568,2265.338807
08059010211,1496.66,1987.08,8328.69,3483.74,666.3,1155.42,1662.01,293.93,212.011779,190.3287561,1599.725242,2002.0657771
08005081000,4202.24,2500.29,15509.57,6702.53,1477.52,3738.79,1486.23,480.87,216.1236022,2496.227605,20180.54135,22892.8925572
08005083800,1145.76,1608.86,6879.44,2754.62,210.14,1248.19,1296.29,88.01,218.8480221,52.33322268,409.1506501,680.3318948799999
08001009104,1125.46,2034.12,9866.88,3159.58,417.45,1253.95,1488.17,54.34,218.918974,17.07878521,90.05177655,326.04953576
08001009202,742.04,1184.29,5756.24,1926.33,222.69,1067,636.65,45.5,226.2553711,11.37596838,1931.386632,2169.01797148
08031000303,1434.7,1348.18,4898.92,2782.88,372.28,742.1,1668.5,153.32,235.2321715,237.3324587,1350.484699,1823.0493292
08005082600,4046.11,2969.83,16412.87,7015.94,480.5,4076.41,2459.03,540.6,236.3264219,88.62240821,1988.096024,2313.04485411
08001009608,749.06,971.75,4194.72,1720.81,163.76,686.74,870.31,37.72,236.7252837,317.3679628,610.0228465,1164.116093
08031002403,2095.47,1270.54,5452.32,3366.02,1230.89,843.16,1291.97,656.11,250.404628,65.0088938,1306.197218,1621.6107398
08005082100,2692.53,3556.86,18134.55,6249.39,755.51,2693.56,2800.32,430.04,261.543919,279.1478366,1717.639391,2258.3311466
08031001101,496.27,1085.6,3585.18,1581.87,372.39,615.26,594.21,80.83,269.8988164,15.87640097,965.5738406,1251.34905797
08031004405,2841.68,2131.74,19635.37,4973.42,623.08,1497.37,2852.97,612.77,271.2551114,286.5679,11136.77236,11694.5953714
08031004304,2333.6,1457.79,13218.81,3791.39,217.57,1193.96,2379.86,43.01,274.096252,1276.044736,2158.220068,3708.361056
08031003703,1440.91,1147.13,7820.16,2588.03,327.6,1163.76,1096.68,270.52,289.7242376,105.3542682,4927.706454,5322.7849598
08031004006,1594.08,1606.32,16297.81,3200.41,639.13,846.89,1714.39,145.04,298.6421845,248.309232,2479.73679,3026.6882065
08001009607,1974.75,1471.98,8290.12,3446.73,898.16,1477.98,1070.59,183.23,316.3244287,44.94226856,5322.201726,5683.46842326
08031005002,1981.37,1803.23,8291.74,3784.6,963.39,1593.98,1227.23,564.04,318.0421624,392.149074,2437.293982,3147.4852184
08059010303,2557.56,3863.25,15426.61,6420.81,477.01,2335.89,3607.91,0,321.7344049,27.73572456,1137.164707,1486.6348364599999
08005081400,1136.33,692.43,4380.08,1828.76,270.64,720.59,837.53,232.88,348.2854973,248.47831,4872.877987,5469.6417943
08059009834,2003.92,1764.54,7902.72,3768.46,287.33,1758.98,1722.14,128.57,349.5015949,633.8111824,941.6623281,1924.9751053999998
08005081600,1625.03,1471.99,8548.72,3097.02,147.4,1521.95,1427.68,318.15,364.5509595,178.9613801,1744.873456,2288.3857956
08005081200,1184.52,1245.64,6326.22,2430.16,265.94,1502.64,661.58,148.91,366.1713293,508.9781478,612.7266911,1487.8761682
08031006811,2185.67,1934.35,14414.12,4120.02,755.12,1555.27,1809.63,411.88,388.2516546,434.8418532,4011.194237,4834.2877448
08059010306,770.22,1285.55,5181.64,2055.77,203.54,858.58,993.65,100.95,394.6342898,480.903181,679.1380801,1554.6755509
08005005626,931.97,781.1,3937.09,1713.07,251.04,600.86,861.17,78.84,418.7957893,577.50813,998.3518205,1994.6557398
08031004301,3400.45,1987.25,28389.17,5387.7,1364.04,2198.33,1825.33,813.06,452.1279532,1546.165963,48009.29044,50007.584356199994
08005004952,1118.83,944.62,3279.54,2063.45,288.05,1068.15,707.24,95.52,459.1150579,2075.77524,8972.772139,11507.6624369
08005080300,1947.77,2010.6,9508.88,3958.37,424.17,1600.52,1933.68,221.41,474.9369499,201.1298827,7085.180405,7761.2472376000005
08031000701,2477.08,1253.08,11584.99,3730.16,1119.92,1387.72,1222.52,903.19,477.149721,228.3135762,815.7721036,1521.2354008
08031006809,1893.34,1983.11,15930.23,3876.45,458.6,1544.47,1873.39,168.86,492.2032603,1190.682576,5800.23759,7483.1234263
08001009203,2733.69,2812.39,14658.51,5546.08,1271.54,3201.4,1073.14,278.01,497.041431,4554.809046,9662.822397,14714.672874
08059010405,1300.44,713.91,3460.9,2014.35,490.63,935.73,587.99,265.64,504.8457257,1931.25522,3512.517643,5948.6185887
08005080500,885.47,981.34,3801.03,1866.81,301.39,732.1,833.32,40.23,522.9678003,1.087251144,1175.318487,1699.3735384440001
08001009604,1773.2,1706.74,7640.94,3479.95,693.02,1718.61,1068.32,310.8,538.3814136,326.0859035,2610.385592,3474.8529091
08001060000,1865.34,3380.06,14921.61,5245.4,140.23,1540.11,3565.07,174.22,583.8686147,2387.269255,3157.128275,6128.2661447
08031006901,2183.99,1485.32,7150.86,3669.31,775.81,1718.35,1175.15,416.02,627.0961833,176.7159499,2748.914776,3552.7269092
08059010212,2119.23,2252.73,9981.32,4371.96,587.72,1848.24,1936,132.92,729.8689201,135.3399322,1454.904271,2320.1131233
08031008388,2412.36,2333.74,13064.24,4746.1,252.94,2610.73,1882.42,73,754.314472,100.9808083,1928.368449,2783.6637293000003
08031001800,1355.71,1140.7,8346.09,2496.41,885.28,773.4,837.73,579.28,762.1359496,540.0411176,23986.24185,25288.418917199997
08059009838,899.29,1809.15,7262,2708.44,0,522.73,2185.71,0,790.7642741,29.61663948,543.4653344,1363.84624798
08001009001,1034.21,1129.86,6223.29,2164.07,464.15,938.65,761.27,371.71,796.9190362,536.4419661,1806.443681,3139.8046833
08005081800,1076.86,1334.22,8295.6,2411.07,296.56,1454.65,659.86,200.56,806.5974071,200.5593553,664.1711983,1671.3279607
08031000402,2957.7,2411.99,14966.63,5369.69,1008.56,1260.69,3100.44,596.28,819.9110348,471.1234835,6603.537445,7894.5719633
08059009851,1321.36,2203.69,8944.59,3525.05,159.35,765.37,2600.33,0,829.818177,131.9656939,2827.197239,3788.9811099
08031000202,1201.78,1106.09,5074.27,2307.87,550.61,787.51,969.75,259.67,852.4672267,40.53335996,471.2003095,1364.20089616
08001009325,1067.41,1927.08,6481.4,2994.49,263.46,1123.09,1607.95,115.17,953.1124932,29.38077969,2706.557425,3689.0506978900003
08031002801,1853.58,900.55,7218.16,2754.13,381.89,982.44,1389.79,207.86,1089.216016,492.9123251,2777.140173,4359.2685141
08001008533,2553.45,2052.56,12194.18,4606.02,297.21,2080.49,2228.31,145.69,1188.306526,94.09323709,851.3920324,2133.79179549
08031001102,1409.34,1122.1,4834.21,2531.44,336.23,685.4,1509.81,147.07,1221.899715,484.5290706,2788.308664,4494.7374496
08031002803,4734.96,2438.87,25113.2,7173.82,854.54,3368.41,2950.87,601.02,1270.982116,120.5674735,4164.60148,5556.1510695
08031002702,7356.22,3257.42,35007.54,10613.64,1596.2,4358.39,4659.05,1644.27,1298.971076,1595.416758,83985.75647,86880.14430399999
08059010308,2451.05,2327.25,11132.19,4778.3,488.37,1282.72,3007.21,61.11,1319.667746,444.9820329,2635.515903,4400.1656819
08031000600,2527.51,2177.31,14416.51,4704.82,1012.26,1405.28,2287.29,453.86,1396.212143,735.2833181,14090.17639,16221.6718511
08059009842,509.56,892.6,3672.99,1402.16,161.66,305,935.49,37.72,1476.524736,439.7241549,542.1109067,2458.3597976
08059010213,1700.45,1888.27,9112.01,3588.72,548.22,1355,1685.49,83.37,2241.527933,113.6869619,1123.606141,3478.8210358999995
08059010406,634.73,715.68,3162.25,1350.41,211.55,693.42,445.43,109.34,2289.678942,329.1276798,1761.543828,4380.3504498
08031002802,4363.94,1175,11476.91,5538.94,847.3,2667.75,2023.88,548.05,2592.198638,627.5551773,6170.959244,9390.7130593
08001008200,610.81,1446.49,8666.76,2057.3,279.4,897.52,880.38,117.3,2626.650347,238.5467701,1060.940055,3926.1371720999996
08031001600,4300.73,3645.79,14413.34,7946.52,1144.86,2438.45,4363.21,535.21,2670.216698,743.9293682,11860.89269,15275.0387562
08001008529,3185.28,3006.16,13063.6,6191.44,672.42,3117.76,2401.25,328.08,3079.051571,1738.655332,5003.678109,9821.385012
08001008308,1159.9,1402.49,7421.73,2562.39,633.8,1296.16,632.44,107.75,3291.684428,568.9817794,1474.359253,5335.0254604
08005082000,3576.25,3451.7,16710.32,7027.95,1115.92,4736.74,1175.28,200.69,3426.884115,265.0628597,18929.2748,22621.2217747
08031015500,1453.97,1215.2,8377.29,2669.17,385.27,1468.12,815.78,271.21,3518.649211,398.249245,2937.673842,6854.572298
08005006855,858.61,2019.27,8263.6,2877.88,149.41,603.43,2125.05,25.62,3837.179745,839.7388908,7701.401929,12378.3205648
08031003800,2976.56,2523.57,21577.05,5500.14,760.41,1338.16,3401.56,549.67,3890.168869,14659.79426,29486.53504,48036.498169
08031001403,922.06,959.27,6361.94,1881.33,273.32,848.37,759.63,131.79,4278.362685,849.7973945,3567.050792,8695.2108715
08031005300,984.06,573,5968.43,1557.06,355.9,636.98,564.18,362.32,4294.028824,1439.059076,16446.94059,22180.028489999997
08031002100,1868.38,1623.18,6961.91,3491.56,547.94,1148.54,1795.08,450.49,4554.70878,1321.787724,4708.405027,10584.901531
08001008526,2217.33,3377.16,14016.64,5594.49,549.44,1592.95,3452.1,170.27,4741.131014,1321.597871,1380.380599,7443.109484
08031015600,1933.12,1593.04,21185.9,3526.16,860.15,1532.66,1133.35,374.24,5044.148282,1412.552405,2987.35745,9444.058137
08031004101,1451.26,990.16,5228.02,2441.41,696.03,1084.68,660.7,329.24,5903.595476,117.3427893,1003.679586,7024.6178513
08031001401,1928.4,1238.19,27687.47,3166.6,1110.14,1145.34,911.13,523.57,6116.24474,2110.839769,7491.750983,15718.835492
08005006709,1015.21,1791.77,6379.18,2806.98,100.43,746.24,1960.31,20.36,6383.970073,1658.56285,7315.639313,15358.172236
08059010402,6405.05,4803.79,20003.64,11208.84,1906.35,5984.48,3318.01,517.56,7471.328117,2369.679032,9275.389532,19116.396681
08001008309,476.33,988.21,5307.57,1464.54,275.47,914.87,274.21,73.66,10329.22291,1889.050438,4464.801299,16683.074647
08059060500,6149.06,9644.5,38264.83,15793.56,676.64,3565.77,11551.15,419.52,21484.17451,769.9359577,15502.36438,37756.4748477
08001008353,4568.06,5977.05,32835.21,10545.11,784.54,4249.58,5510.99,65.38,27178.0779,1022.975622,12491.07075,40692.124272
08005006856,4496.25,3290.17,18201.19,7786.42,1208,2569.84,4008.58,61.12,30619.24813,2582.987639,35284.39985,68486.63561900001
08001008801,332,278,5160,1538,267,804,416,56,1124,82,222,1428
08001007801,434,283,4215,1422,525,645,173,394,22,27,431,480
08059012039,392,664,5417,2038,144,522,1318,56,53,25,205,283
08031004103,462,883,5593,2297,122,528,1591,85,73,25,232,330
08031004201,508,683,4979,2022,151,419,1385,148,104,138,832,1074
08031004002,269,555,3525,1433,86,335,920,9,44,5,398,447
08005082400,355,446,4335,1542,289,587,565,63,42,93,342,477
08005005635,612,727,4989,2052,183,583,1219,181,64,6,1038,1108
08059011805,1229,1110,5996,3061,487,1176,1282,229,118,866,1913,2897
08031002703,2429,1028,5217,3820,913,1715,1008,681,29,200,652,881
08005085000,141,360,2088,890,55,220,551,0,24,472,1102,1598
08005084000,106,242,2640,767,24,261,475,15,44,201,260,505
08059012049,142,600,3921,1405,32,289,1084,28,51,36,172,259
08031004503,452,166,4390,1440,420,704,248,124,28,10,140,178
08005006601,1033,881,5830,2809,609,1226,785,200,325,183,728,1236
08005083400,354,516,7275,2210,74,894,1242,35,213,56,346,615
08059011701,599,796,4599,2073,191,728,1091,86,147,652,3117,3916
08059010604,330,382,2435,1084,129,508,390,59,98,452,835,1385
08005081100,923,709,6289,2674,560,1383,555,369,305,2382,2380,5067
08014031000,609,659,5731,2249,132,603,1478,10,46,202,372,620
08001008546,291,342,3926,1344,61,420,809,50,34,34,199,267
08031015400,555,611,4868,1727,328,565,756,150,49,51,2099,2199
08031008391,384,826,7315,2473,101,1022,1246,43,50,0,24,74
08031004202,373,600,4567,1743,101,310,1236,42,96,47,910,1053
08001008100,368,236,1574,845,244,280,184,64,75,13,27108,27196
08059011730,592,532,3388,1742,220,917,475,56,52,14,90,156
08014030400,193,465,3998,1369,74,222,1073,0,56,48,186,290
08005005631,176,529,3324,1242,44,335,854,8,64,218,257,539
08005083000,159,475,3750,1266,61,337,838,11,59,5,85,149
08005006711,144,614,4225,1521,18,298,1134,9,249,238,1180,1667
08001009327,400,418,4435,1581,312,484,719,61,15,11,31,57
08031980100,0,0,0,0,0,0,0,0,8692,309,3507,12508
08035014113,95,362,3179,1031,30,163,838,16,36,64,181,281
08005085400,91,474,4723,1444,8,166,1244,20,26,277,481,784
08059011602,484,440,4409,1742,303,748,602,166,30,689,1106,1825
08031004506,220,345,3795,1196,424,483,232,99,8,28,638,674
08093000400,125,418,1378,3639,43,250,323,25,49,7,75,131
08093000200,255,858,3836,1939,115,490,847,0,91,33,89,213
08031001902,15,23,778,66,0,16,22,0,428,6,4373,4807
08031008305,113,184,4792,1082,215,413,424,37,22,0,19,41
08001009306,354,322,3588,1243,104,668,471,52,27,81,286,394
08059011550,1142,1085,6491,3227,741,1523,762,480,932,361,1377,2670
08059011951,407,550,3409,1586,138,544,750,22,28,0,77,105
08031001901,504,361,3346,1290,522,400,316,334,4085,129,1835,6049
08031012001,313,354,1977,957,164,236,511,44,15,0,167,182
08031003003,434,486,3346,1223,142,444,541,81,59,58,587,704
08035014110,705,747,5716,2420,223,864,1282,122,72,133,726,931
08001008549,188,454,4022,1295,78,411,806,8,27,0,50,77
08005005800,422,524,2837,1340,141,378,752,63,38,37,200,275
08059011401,480,489,2460,1249,310,574,273,268,48,634,646,1328
08059010504,288,559,3016,1283,110,242,902,12,87,32,676,795
08059011202,463,609,4920,1812,132,703,899,23,140,94,2531,2765
08059010701,782,592,4470,2052,410,751,773,119,146,47,520,713
08059012054,329,668,3946,1733,59,288,1236,31,106,1952,1893,3951
08005005700,889,607,3927,2055,354,895,645,163,943,789,2302,4034
08005006200,450,491,3518,1459,156,603,653,72,1406,156,1515,3077
08005006708,369,829,5058,2039,77,515,1372,33,97,453,748,1298
08035014300,112,178,923,570,52,165,182,7,61,6,42,109
08059012047,351,550,4435,1728,125,605,938,17,76,16,232,324
08005006502,390,665,3523,1598,183,610,681,60,163,35,3481,3679
08031004504,159,271,4638,1324,332,550,383,65,11,8,129,148
08001009502,342,566,4977,1649,131,657,810,87,1426,540,524,2490
08014980100,0,0,0,0,0,0,0,0,NA,NA,NA,NA
08005006712,152,237,1402,666,33,82,461,0,7715,713,19800,28228
08059011300,589,529,3229,1571,352,493,639,164,57,64,491,612
08059012059,108,607,3247,1211,44,381,760,21,68,12,265,345
08005081500,1439,700,2887,2313,594,1118,427,131,234,0,1229,1463
08031002701,2717,823,4592,3868,1091,1600,897,974,439,89,8842,9370
08005006100,691,530,3391,1732,308,708,627,199,31,78,481,590
08031003601,478,651,4552,1913,435,510,808,343,169,106,356,631
08005005614,311,539,3212,1326,96,426,781,58,97,361,516,974
08001007802,340,454,4389,1567,594,655,205,410,23,185,272,480
08059012060,450,481,3355,1435,161,443,831,10,27,21,43,91
08005006858,1310,924,5147,3218,545,849,1361,210,3031,656,20748,24435
08001009101,239,451,4639,1445,108,713,598,5,138,21,190,349
08031007037,797,509,4361,2128,537,867,497,159,17,20,1186,1223
08005084800,140,343,3605,1220,65,304,824,0,16,2,60,78
08001008709,853,444,7668,2557,701,1346,469,404,11216,965,3220,15401
08035014124,145,727,5288,1817,26,237,1539,8,87,18,269,374
08001008524,219,802,9158,2712,94,500,2075,41,94,194,387,675
08031001302,351,549,3974,1453,303,717,375,31,1530,141,360,2031
08014030000,413,426,3579,1455,192,552,680,56,69,62,553,684
08059009847,316,597,3262,1416,130,332,874,13,163,22,719,904
08005082700,168,495,3606,1179,55,397,727,19,18,181,231,430
08001009410,177,549,3064,1215,99,182,891,50,65,16,211,292
08001008548,147,238,1639,615,107,167,341,6,5,0,90,95
08001009408,313,726,4754,1904,66,476,1248,67,72,246,1798,2116
08014030800,366,459,5958,1985,159,558,1244,35,48,441,608,1097
08059011723,689,550,3418,1699,328,701,610,147,514,444,1420,2378
08035014129,165,415,3742,1263,41,253,969,12,114,4,97,215
08059012044,383,449,4117,1638,111,333,1108,0,91,312,946,1349
08059011729,813,715,4207,2039,141,1056,788,56,130,128,1050,1308
08031004004,313,308,1965,891,103,293,495,15,72,54,217,343
08031000102,461,726,3491,1647,253,344,1006,78,93,58,291,442
08005006713,419,353,1806,999,49,369,517,71,415,171,5621,6207
08059011804,372,651,4491,1673,210,646,817,54,111,27,367,505
08005085600,55,327,3396,1026,10,75,923,4,60,4,166,230
08014030300,572,585,3922,1705,336,659,710,143,30,612,2233,2875
08059012051,179,616,3658,1304,90,281,925,0,108,248,604,960
08035014114,271,573,3507,1421,88,350,924,1,177,1098,1656,2931
08059009831,362,646,2624,1364,73,732,474,19,983,1163,1055,3201
08005086900,597,495,3118,1604,343,506,617,155,108,28,1684,1820
08001009409,505,1141,5473,2404,104,557,1648,129,88,0,478,566
08059012052,440,772,5234,2124,151,522,1360,14,65,18,405,488
08019014700,698,1038,5277,3032,167,902,1332,0,203,48,396,647
08031002901,709,788,3559,1930,186,638,1014,122,139,177,5899,6215
08031000905,167,433,4263,1328,223,569,489,105,42,9,148,199
08059011720,449,966,4843,2058,134,577,1337,10,634,175,711,1520
08001009606,390,264,2758,1131,264,408,388,129,244,77,252,573
08059980000,0,0,0,0,0,0,0,0,6,0,3163,3169
08059010902,434,255,2517,1174,186,621,270,153,3433,520,1672,5625
08001008706,342,343,6056,1734,449,824,367,37,85,76,514,675
08031003402,477,689,4856,2092,149,264,1542,19,94,111,873,1078
08031000401,378,542,3601,1474,259,413,733,134,35,66,425,526
08059012042,236,484,3859,1381,69,386,898,29,87,87,420,594
08005086200,127,576,6859,2021,30,388,1603,9,67,177,447,691
08005004951,681,459,1984,1308,167,664,393,133,13,7,155,175
08035014115,355,659,4208,1692,48,288,1349,84,66,3,482,551
08031002601,1829,755,3869,3057,799,1060,841,1081,3198,40,16623,19861
08019014900,567,402,2533,1897,312,505,392,32,784,42,1154,1980
08059010901,618,821,5293,2145,347,651,1147,232,496,1628,2109,4233
08031004505,200,246,4884,1422,488,520,344,83,62,60,202,324
08001008544,201,439,5729,1778,80,338,1334,25,68,38,319,425
08001009752,231,274,3257,1069,119,382,491,40,668,27,124,819
08059012058,289,786,3853,2035,58,544,982,10,101,26,258,385
08059011708,485,540,4279,1669,174,643,852,48,115,41,287,443
08031005104,899,406,3863,1778,466,806,414,278,423,333,3290,4046
08005006815,546,621,4728,1977,113,853,894,80,1419,800,4492,6711
08031000502,1024,1122,6006,3017,918,467,1440,572,105,54,370,529
08031005502,110,207,2223,597,71,202,318,0,28,0,1744,1772
08031008312,524,374,8245,2391,374,1102,877,182,1547,375,589,2511
08014031100,1812,1453,6385,3989,394,1687,1657,204,7296,2306,12541,22143
08005006704,158,647,4613,1664,71,133,1378,0,54,69,765,888
08031007089,2700,816,5194,3972,1043,2099,593,312,12,6,201,219
08035014139,386,467,4160,1636,97,336,1147,50,99,239,637,975
08035014130,166,876,7396,2471,12,307,2110,13,106,26,317,449
08035014127,137,579,5289,1812,66,243,1415,20,120,14,197,331
08059010702,594,1105,5249,2536,463,1081,824,83,33,19,409,461
08059012055,321,660,4037,1641,166,402,1061,18,65,239,477,781
08005087300,908,931,8018,3473,503,1396,1242,166,993,115,765,1873
08001009308,344,373,4445,1435,189,641,540,42,297,146,593,1036
08031008390,484,690,9739,2983,333,1259,1331,0,50,46,175,271
08093000500,249,729,2702,2964,299,310,518,15,63,3,213,279
08059010100,483,822,5553,2170,427,579,1039,57,403,1241,15942,17586
08039961206,228,518,3735,1383,150,214,1002,19,213,7,139,359
08059012036,253,555,3986,1530,147,271,1056,12,6790,1,335,7126
08035014203,183,904,6684,2402,50,250,2032,0,147,91,438,676
08031004801,254,408,3627,1154,100,402,652,65,18,579,147,744
08005005627,421,656,4783,1842,109,486,1247,36,67,87,498,652
08059011728,218,495,2804,1154,87,336,688,25,108,12,224,344
08005005633,354,522,3222,1378,95,349,924,34,306,100,1236,1642
08059011711,607,618,4349,1869,272,700,827,65,62,102,651,815
08005006604,783,505,4544,2036,455,756,663,307,47,347,457,851
08005005620,867,581,3152,1842,302,765,658,124,12,401,902,1315
08001009319,183,247,2595,937,239,396,227,54,24,43,141,208
08001008507,283,509,6703,2028,113,720,1078,117,71,55,203,329
08014030100,233,331,2271,928,111,356,442,48,33,16,557,606
08001008705,255,411,5511,1541,220,786,442,120,327,204,382,913
08005005611,459,768,5338,2020,150,616,1183,15,112,648,493,1253
08031012014,1085,1336,6819,3245,515,1258,1426,29,97,1217,385,1699
08059012037,410,771,3523,1575,94,325,1146,0,189,62,317,568
08005005623,384,784,4394,1803,89,497,1149,42,267,511,598,1376
08005005553,430,505,4199,1580,264,683,583,35,328,453,658,1439
08005086300,489,708,4744,2026,191,591,1136,23,123,543,977,1643
08001009307,356,248,3483,1301,149,519,520,41,75,144,433,652
08031004403,753,723,4342,2074,224,1006,726,104,11,51,234,296
08031005200,298,564,3479,1419,124,387,840,9,137,60,1842,2039
08005007104,129,419,5898,1512,14,513,955,27,1094,60,1537,2691
08005007101,408,687,5726,2125,172,797,1024,28,308,106,371,785
08001008901,146,145,2800,727,119,351,244,22,2856,110,786,3752
08035014406,839,1425,13460,4629,180,1027,3370,229,428,96,1633,2157
08031004603,549,614,6117,2148,357,1073,692,138,30,179,323,532
08035014123,280,644,3537,1440,115,426,800,84,303,1933,1618,3854
08005005629,85,331,2483,839,44,141,640,4,564,97,1093,1754
08031008387,207,313,7596,1788,187,655,909,10,59,0,8,67
08035014007,494,719,3374,1738,165,472,986,116,1903,23,10672,12598
08035013907,377,670,5591,2106,205,455,1390,108,188,526,1136,1850
08001008402,205,619,5141,1825,82,572,1038,36,235,22,369,626
08059012030,269,719,3867,1643,129,417,993,14,71,6,556,633
08031001402,359,443,4743,1601,342,734,502,206,24,8,190,222
08014030500,407,632,5836,2150,125,328,1671,173,116,80,570,766
08059012032,159,542,2734,1112,94,209,767,11,176,189,450,815
08059011803,577,637,5435,2055,312,956,764,35,84,83,451,618
08059009848,200,370,2629,1112,135,199,642,70,226,234,817,1277
08059012035,142,681,5286,1857,56,267,1494,20,1706,14,416,2136
08059011732,1098,953,4786,2718,303,1485,758,175,656,24,2907,3587
08001008543,650,676,9090,2809,318,965,1526,85,303,44,856,1203
08005006501,584,462,2276,1386,292,546,386,186,549,195,4149,4893
08031006810,1007,885,5836,2834,334,1187,1129,64,312,630,1447,2389
08001060200,492,593,4157,1914,121,843,732,88,1439,46,4348,5833
08001008604,228,316,5254,1183,78,464,594,0,105,133,272,510
08001009316,487,654,7372,2402,475,1128,625,34,179,87,273,539
08005007106,301,384,6180,1917,53,311,1519,19,97,220,178,495
08059011726,483,861,6079,2294,214,667,1373,16,143,196,860,1199
08035014116,781,857,5918,2695,68,839,1606,80,1180,4736,6016,11932
08035014137,242,623,9813,2961,195,244,2491,50,268,8,463,739
08031003602,436,714,4862,1898,391,756,663,157,459,218,862,1539
08035014013,223,860,8314,2600,55,384,2132,10,106,70,333,509
08035014134,309,462,6329,2034,105,224,1705,33,61,193,314,568
08005006000,699,431,2683,1464,309,509,583,171,1912,840,2853,5605
08001009406,394,653,4586,1749,128,650,894,16,30,347,152,529
08001015000,448,309,2984,1170,340,573,257,70,10808,334,3306,14448
08001009323,327,531,3837,1510,242,750,448,35,224,691,2165,3080
08031007006,1146,650,5228,2701,391,1672,437,294,24,16,229,269
08031004102,349,506,5054,1605,312,716,544,178,4199,343,3995,8537
08059012026,362,557,3347,1614,124,367,903,10,55,19,421,495
08031003203,347,515,3032,1385,70,153,1061,30,104,184,1030,1318
08059010403,901,792,5653,2551,529,1050,957,110,1069,489,1737,3295
08001009321,262,385,4031,1381,219,660,362,26,17,312,317,646
08059010000,424,484,5469,1279,230,542,470,143,322,498,7166,7986
08059009843,865,1049,8439,3273,286,830,2087,134,1373,14,502,1889
08005005625,405,525,3541,1421,94,382,945,39,77,13,143,233
08005006400,342,442,3357,1380,177,569,554,47,1070,455,513,2038
08035014202,133,382,2159,925,50,212,527,13,372,8,164,544
08014031300,101,317,2574,880,8,81,773,0,54,11,202,267
08059012045,300,935,6185,2243,107,608,1509,38,87,22,135,244
08031002000,864,543,2256,1698,279,300,913,313,958,253,3241,4452
08035013910,199,765,7582,2515,13,493,1908,0,90,4,179,273
08059009806,517,647,3867,1683,82,450,1120,22,241,4,3090,3335
08059011710,622,751,3889,1918,284,701,800,70,44,22,113,179
08059012027,228,604,3122,1267,45,239,912,17,159,20,447,626
08031011903,193,399,2496,941,103,372,466,39,44,59,174,277
08035014005,300,510,5008,1805,70,463,1241,28,34,0,353,387
08005086400,99,326,1988,747,10,64,636,5,112,85,59,256
08031000201,658,612,3820,1763,407,574,682,262,1458,164,363,1985
08019014800,275,313,1685,864,251,296,238,75,79,133,722,934
08014030200,233,438,2052,922,68,345,493,11,1191,416,1339,2946
08005007105,300,666,7006,2214,164,724,1262,10,307,41,136,484
08031004106,662,795,13570,3906,155,525,3183,63,10735,736,3863,15334
08031004107,1456,1391,13352,5281,422,1177,3559,168,1993,2244,4521,8758
08005005634,699,734,3309,1721,261,632,806,56,5630,357,2140,8127
08059011727,382,709,3538,1538,73,488,977,17,150,319,487,956
08059060300,245,595,4801,1673,60,399,1214,6,49,146,157,352
08035014125,671,844,5123,2293,128,544,1502,64,53,604,6701,7358
08059009827,605,931,6218,2513,323,983,1159,107,197,661,2155,3013
08001008505,557,620,7266,2356,271,929,1077,31,220,232,277,729
08001008506,1054,695,6775,2764,512,1451,754,386,83,432,6386,6901
08031003300,469,605,3215,1522,175,319,954,51,127,2,628,757
08005087200,804,733,4142,2227,424,713,857,224,436,253,860,1549
08031012010,1019,933,5322,2591,164,1171,1237,32,156,978,772,1906
08059015900,322,558,3686,1483,153,620,597,46,72,3,279,354
08031004104,511,741,4758,1975,138,541,1251,108,338,7,339,684
08005005952,742,530,3758,2034,249,672,837,132,28,91,339,458
08035014131,1181,998,5134,2818,314,944,1465,322,2783,1527,7360,11670
08035014001,1089,1015,8007,3380,313,959,2051,19,5940,388,5729,12057
08005006705,8,308,2034,679,14,51,596,12,22,5,535,562
08059012038,220,588,3910,1399,69,437,893,12,29,198,114,341
08005005621,330,455,2774,1224,96,279,808,101,92,9,255,356
08005085100,170,541,6622,2008,53,243,1679,0,46,1,265,312
08059011806,812,559,5360,2234,691,782,675,270,105,19,1030,1154
08031000902,409,568,6145,1961,282,999,637,21,40,42,227,309
08031002300,640,880,5528,2299,312,601,1330,356,55,1,255,311
08005084300,224,275,3740,1169,65,416,688,27,18,123,328,469
08005085500,173,731,5535,1804,53,401,1350,10,49,50,98,197
08035014112,252,525,3913,1485,60,267,1105,20,29,2,72,103
08014031200,731,1067,4872,2538,253,774,1299,25,3506,276,1763,5545
08001007900,527,665,5627,2064,488,966,496,265,221,84,481,786
08005007202,336,380,4218,1385,335,653,361,177,15,9,201,225
08035014405,225,708,7560,2432,109,395,1912,32,119,9,310,438
08059010502,705,1083,5092,2330,370,936,1007,190,80,162,4498,4740
08059010603,761,535,3407,1761,348,717,617,115,174,613,1337,2124
08005086600,487,1453,5909,2587,154,894,1521,18,95,44,317,456
08059009837,172,907,6533,2210,85,333,1792,0,294,9,287,590
08059009845,353,903,4210,1829,76,313,1389,0,343,52,1263,1658
08035014503,503,815,5683,2247,189,787,1228,53,172,601,7940,8713
08059010801,365,418,2520,1142,137,301,691,35,166,39,409,614
08031008386,129,148,5449,1288,211,450,627,31,17,162,121,300
08005007400,464,376,5386,1661,386,671,569,139,30,160,5715,5905
08059012048,379,340,2449,1099,148,356,535,143,95,151,669,915
08059009828,790,700,5802,2247,314,765,1168,85,39,35,997,1071
08059012034,113,748,3710,1433,80,168,1144,0,71,13,217,301
08035014204,153,544,3213,1198,31,194,973,0,136,3,135,274
08005005630,336,933,5824,2234,158,625,1399,0,55,137,788,980
08005005951,1722,493,4509,2617,782,1201,558,568,64,231,5665,5960
08035014602,156,470,2658,1027,58,205,732,19,256,31,83,370
08035013911,216,522,7409,2172,38,271,1841,12,249,3,313,565
08005007302,604,493,5121,1980,524,1033,254,468,42,413,1083,1538
08005005552,591,387,2754,1326,422,636,236,93,1267,49,813,2129
08031003500,324,397,6636,1995,425,813,571,91,4997,126,1998,7121
08005006857,195,367,2238,899,47,170,659,29,36,0,175,211
08035014136,455,822,9614,3109,150,596,2363,90,178,439,1442,2059
08047013800,965,1293,6018,3799,340,1057,1405,58,128,18,4437,4583
08005006706,495,736,5262,2102,101,579,1391,66,97,7,583,687
08031003001,807,1205,5874,2865,235,643,1841,65,406,236,1893,2535
08059009852,257,644,4038,1602,75,390,1072,17,2010,108,1294,3412
08059011724,253,981,6739,2427,75,296,2043,0,94,14,242,350
08005006603,415,558,3310,1480,330,385,714,69,25,76,190,291
08014980200,0,0,0,0,0,0,0,0,0,21,0,21
08035014133,302,747,6337,2184,120,338,1680,16,84,5,445,534
08005081700,105,353,2991,985,61,125,799,12,34,94,342,470
08035014107,198,546,3775,1381,68,194,1119,36,123,429,722,1274
08001008534,118,373,4946,1421,78,295,992,26,50,29,114,193
08001008603,243,201,1937,794,277,363,107,71,189,79,557,825
08001008605,335,488,4278,1448,258,399,763,86,612,33,2948,3593
08035014505,504,895,5797,2353,96,685,1477,12,538,301,744,1583
08001009002,653,735,10038,3376,361,1528,1219,95,229,28,578,835
08001008606,850,630,6120,2441,320,1400,701,193,236,151,3882,4269
08005005632,157,478,3416,1223,97,246,856,6,109,594,2652,3355
08005006707,417,627,5143,1897,69,529,1273,20,1623,159,5221,7003
08059011402,869,722,4453,2086,565,943,495,212,147,797,1319,2263
08059011601,316,570,3855,1492,247,607,540,106,325,573,877,1775
08005086000,280,644,8476,2502,67,642,1745,41,123,0,213,336
08001060100,330,754,7879,2483,143,607,1677,34,108,680,870,1658
08035014603,233,635,6892,2219,104,434,1613,0,97,6,142,245
08005082500,120,255,2276,748,36,268,427,24,25,1,25,51
08001008539,422,759,11059,3252,110,962,2130,41,198,256,675,1129
08031007013,851,745,3927,2057,178,877,946,40,251,36,632,919
08035014010,380,797,5997,2344,156,521,1575,43,158,695,720,1573
08093000100,608,1114,7051,3409,323,933,1335,46,216,133,587,936
08035014128,338,634,4859,1856,43,481,1325,0,42,268,306,616
08001009751,264,405,3944,1368,360,678,281,24,1246,55,201,1502
08005086500,504,570,5159,2022,105,752,1082,92,76,372,443,891
08005015100,187,475,2835,1064,55,238,771,12,31,0,265,296
08031001000,265,285,4803,1413,398,620,395,126,3690,431,1682,5803
08059011731,729,772,4317,2137,198,781,1073,20,327,1,179,507
08059012043,422,886,5766,2233,139,480,1600,44,108,121,628,857
08059009900,291,417,2534,1145,154,385,485,33,2341,341,476,3158
08059012022,430,1059,5809,2345,181,597,1546,15,152,277,545,974
08005085300,230,346,2441,994,42,251,649,12,8,31,366,405
08035014006,235,531,6934,2177,84,221,1814,0,122,16,287,425
08059012046,191,322,2270,856,72,311,473,8,71,197,501,769
08039961100,198,420,2227,1012,151,415,337,29,86,14,162,262
08039961207,246,644,3930,1549,121,330,1001,9,246,47,292,585
08039961205,223,309,2057,809,121,248,419,0,46,2,30,78
08059010503,667,828,4222,2053,362,780,831,126,165,548,1124,1837
08059009808,729,1245,6024,2790,501,611,1563,83,497,120,1892,2509
08059009839,87,348,2379,835,37,243,555,4,450,72,339,861
08014030600,308,805,6027,2264,110,841,1271,0,42,9,105,156
08035014109,306,617,2882,1301,28,241,965,55,121,13,515,649
08035013909,349,847,6016,2269,86,606,1529,47,402,52,684,1138
08001008542,421,837,9823,3121,202,716,2040,39,493,188,438,1119
08001009411,293,532,2974,1260,102,364,776,14,36,256,326,618
08005005612,415,491,3789,1577,176,462,840,19,105,1027,453,1585
08014980300,0,0,0,0,0,0,0,0,NA,NA,NA,NA
08001009553,249,338,3760,1223,208,498,517,98,6215,595,2047,8857
08001008538,218,699,8171,2524,97,385,1931,0,127,10,426,563
08035014604,149,436,4245,1380,81,148,1129,16,65,2,156,223
08059011712,409,720,4313,1786,156,503,1101,0,77,4,217,298
08059011721,372,357,2541,1236,136,312,662,24,81,5,653,739
08031003901,887,924,4204,2618,268,347,1582,102,311,377,2859,3547
08014030700,396,428,2941,1277,199,326,752,34,25,26,188,239
08001008401,335,614,4978,1787,258,634,816,47,307,177,617,1101
08001008547,179,366,3663,1192,35,406,674,15,15,213,335,563
08001009320,372,263,2643,1232,252,592,218,67,265,109,2077,2451
08031003002,504,491,2780,1446,80,473,775,126,84,101,3390,3575
08059009807,272,313,1737,829,127,254,425,72,496,501,3569,4566
08059009823,360,703,4829,1796,103,463,1199,10,71,1,54,126
08005005624,117,416,2443,882,46,146,690,14,85,14,1097,1196
08059009824,379,557,4750,1871,138,674,993,42,136,17,389,542
08031000501,239,444,2183,1044,74,198,693,25,227,27,201,455
08059012023,198,527,3545,1343,67,371,868,21,137,17,135,289
08005007103,67,272,1716,592,22,121,449,6,197,36,214,447
08059060400,387,539,3613,1479,77,389,1002,0,1111,772,5775,7658
08031006804,675,754,3168,1970,111,558,1010,39,4992,66,12607,17665
08035014135,110,486,4868,1652,74,186,1254,4,1261,29,626,1916
08035014404,150,627,2612,1146,69,208,809,32,36,2,134,172
08059011709,488,575,3633,1615,126,840,636,20,43,10,330,383
08005083200,254,781,9380,2811,74,627,2110,18,101,90,322,513
08031001701,2731,2014,7500,6123,940,995,3011,842,7742,740,30043,38525
08059980400,0,0,1308,0,0,0,0,0,0,0,188,188
08031000302,684,836,4587,2123,156,554,1358,46,126,283,655,1064
08031008304,162,202,3790,1030,195,439,375,33,35,0,16,51
08059011725,162,289,1844,705,36,215,454,15,21,0,53,74
08001008523,427,1057,9226,3032,249,700,2020,71,1526,1702,2432,5660
08031006814,666,648,5296,2221,441,872,783,60,274,63,1448,1785
08001988700,0,0,0,0,0,0,0,0,42,199,846,1087
08005006808,187,605,5839,1874,20,311,1543,7,92,10,344,446
08031002902,618,796,4239,2055,132,365,1440,14,73,149,842,1064
08031006701,1241,1024,4080,2715,245,864,1350,108,443,0,2305,2748
08035013908,302,1121,6560,2514,117,417,1940,15,115,6,331,452
08035014140,198,584,5309,1776,59,199,1447,20,163,132,353,648
08005006300,339,428,2601,1248,154,426,574,10,51,122,281,454
08001008541,171,1196,6241,2194,65,399,1707,36,372,0,203,575
08059009850,281,473,2540,1139,90,136,856,0,150,22,357,529
08001008537,153,520,6846,1968,105,603,1220,11,1716,76,339,2131
08059012041,434,866,5885,2205,60,623,1502,20,138,118,480,736
08035014506,191,616,5410,1859,56,165,1536,16,210,3,172,385
08093000300,433,357,2900,2603,272,479,394,7,146,94,583,823
08005080900,307,325,4901,1363,132,605,616,38,18,100,286,404
08035014011,473,570,5608,2211,109,480,1482,83,42,107,716,865
08035014009,172,327,4252,1309,62,252,976,11,109,22,756,887
08035014132,108,623,6394,2002,21,279,1680,0,139,2,338,479
08035013905,470,647,4265,1774,242,508,982,100,179,600,2469,3248
08001061200,67,266,2795,904,15,100,710,0,70,790,500,1360
08005005636,109,298,1833,717,33,113,528,0,21,0,118,139
08005084900,93,429,3421,1093,41,152,900,9,149,761,594,1504
08005005622,188,470,2631,1072,62,232,764,11,108,19,472,599
08039961209,194,336,2182,933,125,273,468,16,90,25,349,464
08005007107,388,853,11605,3507,160,608,2667,67,338,1774,2715,4827
08059011100,1005,1017,6565,3069,646,1213,977,395,694,401,8642,9737
08005086800,1134,813,7377,3423,562,1394,1192,207,36,146,650,832
08014030900,478,872,5423,2236,73,574,1561,51,131,25,394,550
08035013901,639,1294,7807,3289,135,764,2158,0,509,277,3164,3950
08031003902,544,563,4502,1934,73,426,1327,42,437,520,5863,6820
08035014108,329,648,4849,1854,80,406,1324,17,83,13,654,750
08059011702,648,763,5693,2307,276,728,1231,124,88,138,1023,1249
08035014138,721,566,3059,1761,125,554,951,29,239,1051,1507,2797
08035014012,377,872,7976,2853,122,556,1993,0,844,563,1290,2697
08005085200,52,385,3013,949,21,109,815,5,39,8,224,271
08035014008,325,1131,9343,3331,106,382,2698,70,220,32,807,1059
08059009830,377,327,2245,1024,106,444,474,18,31,73,342,446
08031008389,601,1069,11639,3754,217,1194,2268,45,424,208,597,1229
08005080400,574,679,4946,2028,226,879,895,74,914,813,5606,7333
08001008000,438,506,5818,1928,411,940,443,192,41,17,87,145
08035013904,499,705,4452,1868,161,939,745,18,1346,1385,2919,5650
08031003102,1200,605,3527,2245,665,564,780,452,162,142,6967,7271
08059015800,782,767,4442,2070,205,964,901,184,1586,720,1642,3948
08039961204,223,1083,8121,2640,197,442,2001,32,368,27,406,801
08001008535,73,465,3883,1222,56,409,724,44,4530,90,1078,5698
08031004601,422,587,6481,2089,371,968,702,96,78,236,355,669
08059011733,422,283,1727,945,149,342,396,40,354,33,6472,6859
08059011000,775,824,6290,2441,509,1052,869,278,321,319,1382,2022
08059011904,547,478,2716,1422,222,646,466,84,1203,157,3587,4947
08035014126,394,426,2130,1125,51,349,685,57,264,588,831,1683
08005086100,274,389,4848,1619,82,408,1095,11,33,21,212,266
08035014403,276,1135,6148,2293,136,580,1569,36,809,35,1075,1919
08001009310,436,592,6290,2001,321,875,695,172,68,0,130,198
08031001702,1661,851,4491,3416,610,708,1333,803,11148,1361,60131,72640
08001008536,148,358,3495,1091,29,140,909,6,81,23,72,176
08059012053,221,529,4010,1468,155,354,912,22,687,18,263,968
08001008551,41,155,1569,497,25,60,383,12,20,0,48,68
08059009849,708,939,5660,2494,405,858,1108,101,1491,431,2996,4918
08001008802,96,279,5396,1252,167,536,481,83,5786,153,1299,7238
08005005551,328,409,2951,1200,288,570,264,83,5379,438,2341,8158
08059012031,145,880,4092,1620,59,284,1206,0,291,10,276,577
08059009846,377,881,4733,2046,140,366,1419,28,412,600,998,2010
08031000800,52,117,1437,466,315,71,25,145,1767,157,618,2542
08059012057,872,980,5992,2667,286,871,1455,53,79,236,1010,1325
08005005619,457,659,5102,1900,120,650,1088,42,47,26,444,517
08005086700,77,456,5485,1667,42,177,1386,12,84,57,611,752
08031980000,245,124,1708,678,110,345,223,13,12036,579,6465,19080
08005083900,722,441,3071,1562,115,716,657,21,23,80,345,448
08014031400,302,942,6317,2427,46,494,1686,5,52,25,258,335
08035014504,528,543,4637,1861,250,717,826,93,578,163,4152,4893
08035014122,313,953,7137,2685,124,443,1894,32,196,338,1161,1695
08059012033,186,643,2815,1286,40,246,901,0,97,147,409,653
08059012050,531,774,4140,1828,205,502,1113,110,115,793,1197,2105
08059012024,347,772,5387,2107,146,391,1496,64,1629,211,3776,5616
08039961208,167,592,3465,1288,61,397,807,14,244,316,864,1424
08059009829,109,215,1841,678,21,131,526,15,12,206,226,444
08031001500,317,381,4377,1271,326,631,263,172,4133,259,2737,7129
