zone_type,GEOID,zone_SF,existing_FAR,new_FAR,existing_building_SF,max_building_SF,existing_zone_hh,new_zone_hh,existing_zone_population,new_zone_population,increase_population_totract,new_total_tract_population,avg_hhsize_existing,nocar,population,housing_units,hh_income_low,hh_income_mid,hh_income_high,hh_total,oneperson_hh,twoperson_hh,geometry
3,8005004952,72596,1.5,2.25,108894,163341,108.894,163.341,173.070454,259.6056809,86.53522698,3279.535227,1.589347934,93,3193,2009,257,953,631,1841,912,770,"list(list(c(-104.940691, -104.940738, -104.940687, -104.931648, -104.93157, -104.926981, -104.929542, -104.92959, -104.929119, -104.929118, -104.928287, -104.928287, -104.926963, -104.926962, -104.926924, -104.928974, -104.930257, -104.931423, -104.932868, -104.93384, -104.933996, -104.931654, -104.931714, -104.934135, -104.934076, -104.934027, -104.936233, -104.936213, -104.939539, -104.940485, -104.940633, -104.940612, -104.938635, -104.93871, -104.940271, -104.940278, -104.940738, -104.940691, 
39.703813, 39.706344, 39.711221, 39.711098, 39.709096, 39.708004, 39.708456, 39.706414, 39.70641, 39.706787, 39.706785, 39.706692, 39.706699, 39.706559, 39.7036, 39.703843, 39.703838, 39.703789, 39.702182, 39.70416, 39.70138, 39.700221, 39.700208, 39.700181, 39.698436, 39.6966, 39.696599, 39.694782, 39.694688, 39.695664, 39.694755, 39.69657, 39.696605, 39.698182, 39.698199, 39.697949, 39.697956, 39.703813)))"
3,8031000202,647823.5,1.5,2.25,971735.25,1457602.875,971.73525,1457.602875,2136.537547,3204.806321,1068.268774,5074.268774,2.198682766,205,4006,1822,423,605,745,1773,628,578,"list(list(c(-105.025248, -105.025135, -105.020008, -105.015833, -105.006425, -105.002581, -104.998334, -104.998194, -105.004178, -105.006433, -105.01118, -105.014685, -105.015854, -105.017421, -105.025275, -105.025248, 39.780263, 39.784226, 39.783606, 39.78357, 39.783141, 39.783501, 39.782399, 39.776547, 39.776556, 39.776537, 39.776554, 39.776563, 39.776564, 39.776573, 39.776643, 39.780263)))"
3,8031000301,180899.6,1.5,2.25,271349.4,407024.1,271.3494,407.0241,548.7765777,823.1648666,274.3882889,6143.388289,2.022398346,397,5869,2902,460,755,1593,2808,1093,1008,"list(list(c(-105.053245, -105.046286, -105.043972, -105.042727, -105.040433, -105.034615, -105.029941, -105.025275, -105.025278, -105.025238, -105.029969, -105.034643, -105.039337, -105.040499, -105.044012, -105.046285, -105.05324, -105.053241, -105.053245, 39.776583, 39.77657, 39.776573, 39.776701, 39.776688, 39.776751, 39.776684, 39.776643, 39.772927, 39.769288, 39.769402, 39.769547, 39.769432, 39.769456, 39.769362, 39.76938, 39.769333, 39.772938, 39.776583)))"
5,8031000303,"106,304",2.5,3.75,265760,398640,265.76,398.64,467.8378868,701.7568302,233.9189434,4898.918943,1.760377358,146,4665,2650,303,604,1358,2265,912,857,"list(list(c(-105.039337, -105.034643, -105.029969, -105.025238, -105.025287, -105.025233, -105.025281, -105.025241, -105.025233, -105.02993, -105.034613, -105.039303, -105.03931, -105.039337, 39.769432, 39.769547, 39.769402, 39.769288, 39.766078, 39.765609, 39.764664, 39.762021, 39.758476, 39.758485, 39.758518, 39.758499, 39.763957, 39.769432)))"
3,8031000402,"2,649,560",1.5,2.25,3974340,5961510,3974.34,5961.51,6821.628358,10232.44254,3410.814179,9160.814179,1.71641791,372,5750,3350,580,725,1783,3088,1420,1158,"list(list(c(-105.025238, -105.018975, -105.017422, -105.014711, -105.014399, -105.011202, -105.0112, -105.011185, -105.011008, -105.008965, -105.012692, -105.014639, -105.015835, -105.020538, -105.021368, -105.025233, -105.025241, -105.025281, -105.025233, -105.025287, -105.025238, 39.769288, 39.76927, 39.769272, 39.769293, 39.769292, 39.769286, 39.765639, 39.762037, 39.759643, 39.758085, 39.755368, 39.756078, 39.756303, 39.758038, 39.75846, 39.758476, 39.762021, 39.764664, 39.765609, 39.766078, 
39.769288)))"
5,8031000402,26017,2.5,3.75,65042.5,97563.75,65.0425,97.56375,111.6401119,167.4601679,55.82005597,5805.820056,1.71641791,372,5750,3350,580,725,1783,3088,1420,1158,"list(list(c(-105.025238, -105.018975, -105.017422, -105.014711, -105.014399, -105.011202, -105.0112, -105.011185, -105.011008, -105.008965, -105.012692, -105.014639, -105.015835, -105.020538, -105.021368, -105.025233, -105.025241, -105.025281, -105.025233, -105.025287, -105.025238, 39.769288, 39.76927, 39.769272, 39.769293, 39.769292, 39.769286, 39.765639, 39.762037, 39.759643, 39.758085, 39.755368, 39.756078, 39.756303, 39.758038, 39.75846, 39.758476, 39.762021, 39.764664, 39.765609, 39.766078, 
39.769288)))"
,8031000402,,,,4039382.5,6059073.75,4039.3825,6059.07375,6933.26847,10399.90271,3466.634235,14966.63424,1.71641791,372,5750,3350,580,725,1783,3088,1420,1158,"list(list(c(-105.025238, -105.018975, -105.017422, -105.014711, -105.014399, -105.011202, -105.0112, -105.011185, -105.011008, -105.008965, -105.012692, -105.014639, -105.015835, -105.020538, -105.021368, -105.025233, -105.025241, -105.025281, -105.025233, -105.025287, -105.025238, 39.769288, 39.76927, 39.769272, 39.769293, 39.769292, 39.769286, 39.765639, 39.762037, 39.759643, 39.758085, 39.755368, 39.756078, 39.756303, 39.758038, 39.75846, 39.758476, 39.762021, 39.764664, 39.765609, 39.766078, 
39.769288)))"
3,8031000600,"3,147,197",1.5,2.25,4720795.5,7081193.25,4720.7955,7081.19325,7461.764626,11192.64694,3730.882313,7220.882313,1.580615942,213,3490,2208,443,615,1001,2059,996,858,"list(list(c(-105.025222, -105.025233, -105.021368, -105.020538, -105.015835, -105.014639, -105.012692, -105.011707, -105.009489, -105.012528, -105.015133, -105.015677, -105.016261, -105.018982, -105.020549, -105.020509, -105.023616, -105.025213, -105.025268, -105.025222, 39.754837, 39.758476, 39.75846, 39.758038, 39.756303, 39.756078, 39.755368, 39.755009, 39.753926, 39.751401, 39.749855, 39.744744, 39.743389, 39.746384, 39.746483, 39.747599, 39.747588, 39.746363, 39.749998, 39.754837)))"
5,8031000600,"85,622",2.5,3.75,214055,321082.5,214.055,321.0825,338.3387455,507.5081182,169.1693727,3659.169373,1.580615942,213,3490,2208,443,615,1001,2059,996,858,"list(list(c(-105.025222, -105.025233, -105.021368, -105.020538, -105.015835, -105.014639, -105.012692, -105.011707, -105.009489, -105.012528, -105.015133, -105.015677, -105.016261, -105.018982, -105.020549, -105.020509, -105.023616, -105.025213, -105.025268, -105.025222, 39.754837, 39.758476, 39.75846, 39.758038, 39.756303, 39.756078, 39.755368, 39.755009, 39.753926, 39.751401, 39.749855, 39.744744, 39.743389, 39.746384, 39.746483, 39.747599, 39.747588, 39.746363, 39.749998, 39.754837)))"
8,8031000600,29391,4,5,117564,146955,117.564,146.955,185.8235326,232.2794158,46.45588315,3536.455883,1.580615942,213,3490,2208,443,615,1001,2059,996,858,"list(list(c(-105.025222, -105.025233, -105.021368, -105.020538, -105.015835, -105.014639, -105.012692, -105.011707, -105.009489, -105.012528, -105.015133, -105.015677, -105.016261, -105.018982, -105.020549, -105.020509, -105.023616, -105.025213, -105.025268, -105.025222, 39.754837, 39.758476, 39.75846, 39.758038, 39.756303, 39.756078, 39.755368, 39.755009, 39.753926, 39.751401, 39.749855, 39.744744, 39.743389, 39.746384, 39.746483, 39.747599, 39.747588, 39.746363, 39.749998, 39.754837)))"
,8031000600,,,,5052414.5,7549230.75,5052.4145,7549.23075,7985.926904,11932.43447,3946.507569,14416.50757,1.580615942,213,3490,2208,443,615,1001,2059,996,858,"list(list(c(-105.025222, -105.025233, -105.021368, -105.020538, -105.015835, -105.014639, -105.012692, -105.011707, -105.009489, -105.012528, -105.015133, -105.015677, -105.016261, -105.018982, -105.020549, -105.020509, -105.023616, -105.025213, -105.025268, -105.025222, 39.754837, 39.758476, 39.75846, 39.758038, 39.756303, 39.756078, 39.755368, 39.755009, 39.753926, 39.751401, 39.749855, 39.744744, 39.743389, 39.746384, 39.746483, 39.747599, 39.747588, 39.746363, 39.749998, 39.754837)))"
3,8031000701,664720,1.5,2.25,997080,1495620,997.08,1495.62,1889.556559,2834.334838,944.7782795,5460.778279,1.895090222,577,4516,2383,644,798,703,2145,1107,560,"list(list(c(-105.053206, -105.05321, -105.053212, -105.039308, -105.039324, -105.039326, -105.039311, -105.0393, -105.04205, -105.045537, -105.049868, -105.053228, -105.053206, 39.740411, 39.743273, 39.74398, 39.743953, 39.741526, 39.740342, 39.73847, 39.734344, 39.73505, 39.734846, 39.735277, 39.734965, 39.740411)))"
5,8031000701,"678,896",2.5,3.75,1697240,2545860,1697.24,2545.86,3216.422929,4824.634394,1608.211465,6124.211465,1.895090222,577,4516,2383,644,798,703,2145,1107,560,"list(list(c(-105.053206, -105.05321, -105.053212, -105.039308, -105.039324, -105.039326, -105.039311, -105.0393, -105.04205, -105.045537, -105.049868, -105.053228, -105.053206, 39.740411, 39.743273, 39.74398, 39.743953, 39.741526, 39.740342, 39.73847, 39.734344, 39.73505, 39.734846, 39.735277, 39.734965, 39.740411)))"
,8031000701,,,,2694320,4041480,2694.32,4041.48,5105.979488,7658.969232,2552.989744,11584.98974,1.895090222,577,4516,2383,644,798,703,2145,1107,560,"list(list(c(-105.053206, -105.05321, -105.053212, -105.039308, -105.039324, -105.039326, -105.039311, -105.0393, -105.04205, -105.045537, -105.049868, -105.053228, -105.053206, 39.740411, 39.743273, 39.74398, 39.743953, 39.741526, 39.740342, 39.73847, 39.734344, 39.73505, 39.734846, 39.735277, 39.734965, 39.740411)))"
3,8031000702,4777617,1.5,2.25,7166425.5,10749638.25,7166.4255,10749.63825,14003.1254,21004.6881,7001.562698,11800.5627,1.953990228,576,4799,2456,648,829,593,2070,825,664,"list(list(c(-105.039324, -105.039308, -105.035765, -105.035771, -105.034933, -105.031511, -105.025213, -105.025219, -105.025075, -105.025236, -105.026007, -105.032161, -105.03461, -105.036848, -105.0393, -105.039311, -105.039326, -105.039324, 39.741526, 39.743953, 39.74395, 39.746378, 39.746385, 39.746374, 39.746363, 39.74273, 39.738011, 39.736565, 39.736187, 39.734973, 39.735952, 39.734314, 39.734344, 39.73847, 39.740342, 39.741526)))"
5,8031000702,"1,101,005",2.5,3.75,2752512.5,4128768.75,2752.5125,4128.76875,5378.382527,8067.573791,2689.191264,7488.191264,1.953990228,576,4799,2456,648,829,593,2070,825,664,"list(list(c(-105.039324, -105.039308, -105.035765, -105.035771, -105.034933, -105.031511, -105.025213, -105.025219, -105.025075, -105.025236, -105.026007, -105.032161, -105.03461, -105.036848, -105.0393, -105.039311, -105.039326, -105.039324, 39.741526, 39.743953, 39.74395, 39.746378, 39.746385, 39.746374, 39.746363, 39.74273, 39.738011, 39.736565, 39.736187, 39.734973, 39.735952, 39.734314, 39.734344, 39.73847, 39.740342, 39.741526)))"
,8031000702,,,,9918938,14878407,9918.938,14878.407,19381.50792,29072.26189,9690.753962,19288.75396,1.953990228,576,4799,2456,648,829,593,2070,825,664,"list(list(c(-105.039324, -105.039308, -105.035765, -105.035771, -105.034933, -105.031511, -105.025213, -105.025219, -105.025075, -105.025236, -105.026007, -105.032161, -105.03461, -105.036848, -105.0393, -105.039311, -105.039326, -105.039324, 39.741526, 39.743953, 39.74395, 39.746378, 39.746385, 39.746374, 39.746363, 39.74273, 39.738011, 39.736565, 39.736187, 39.734973, 39.735952, 39.734314, 39.734344, 39.73847, 39.740342, 39.741526)))"
2.5,8031000903,42207,0.94,1.41,39674.58,59511.87,39.67458,59.51187,116.0177980,174.0266971,58.00889902,6079.008899,2.924235066,148,6021,2059,524,1041,325,1890,433,387,"list(list(c(-105.039716, -105.03945, -105.039454, -105.032484, -105.025135, -105.025102, -105.025078, -105.025087, -105.025092, -105.032455, -105.039697, -105.0397, -105.039701, -105.039716, 39.72133, 39.722949, 39.725707, 39.725622, 39.725542, 39.720269, 39.71664, 39.714824, 39.711174, 39.711209, 39.71125, 39.714963, 39.719735, 39.72133)))"
2.5,8031000904,88468,0.94,1.41,83159.92,124739.88,83.15992,124.73988,226.4789431,339.7184147,113.2394716,5696.239472,2.723414634,455,5583,2050,783,803,365,1951,711,408,"list(list(c(-105.055591, -105.055567, -105.053228, -105.049868, -105.045537, -105.04205, -105.0393, -105.039384, -105.039471, -105.039468, -105.039454, -105.043984, -105.046267, -105.048501, -105.053253, -105.053253, -105.053227, -105.055588, -105.055591, 39.734508, 39.734977, 39.734965, 39.735277, 39.734846, 39.73505, 39.734344, 39.732994, 39.730622, 39.728256, 39.725707, 39.725719, 39.725728, 39.725805, 39.7258, 39.725828, 39.73311, 39.733105, 39.734508)))"
5,8031000904,306505,2.5,3.75,766262.5,1149393.75,766.2625,1149.39375,2086.850506,3130.275759,1043.425253,6626.425253,2.723414634,455,5583,2050,783,803,365,1951,711,408,"list(list(c(-105.055591, -105.055567, -105.053228, -105.049868, -105.045537, -105.04205, -105.0393, -105.039384, -105.039471, -105.039468, -105.039454, -105.043984, -105.046267, -105.048501, -105.053253, -105.053253, -105.053227, -105.055588, -105.055591, 39.734508, 39.734977, 39.734965, 39.735277, 39.734846, 39.73505, 39.734344, 39.732994, 39.730622, 39.728256, 39.725707, 39.725719, 39.725728, 39.725805, 39.7258, 39.725828, 39.73311, 39.733105, 39.734508)))"
,8031000904,,,,849422.42,1274133.63,849.42242,1274.13363,2313.329449,3469.994174,1156.664725,12322.66472,2.723414634,455,5583,2050,783,803,365,1951,711,408,"list(list(c(-105.055591, -105.055567, -105.053228, -105.049868, -105.045537, -105.04205, -105.0393, -105.039384, -105.039471, -105.039468, -105.039454, -105.043984, -105.046267, -105.048501, -105.053253, -105.053253, -105.053227, -105.055588, -105.055591, 39.734508, 39.734977, 39.734965, 39.735277, 39.734846, 39.73505, 39.734344, 39.732994, 39.730622, 39.728256, 39.725707, 39.725719, 39.725728, 39.725805, 39.7258, 39.725828, 39.73311, 39.733105, 39.734508)))"
3,8031001101,647823.5,1.5,2.25,971735.25,1457602.875,971.73525,1457.602875,2202.363468,3303.545202,1101.181734,3585.181734,2.266423358,56,2484,1096,230,380,367,977,224,490,"list(list(c(-105.011221, -105.01118, -105.006433, -105.004178, -104.998194, -104.99821, -104.998203, -105.004137, -105.011202, -105.011221, 39.772914, 39.776554, 39.776537, 39.776556, 39.776547, 39.772977, 39.769296, 39.769287, 39.769286, 39.772914)))"
3,8031001102,24581,1.5,2.25,36871.5,55307.25,36.8715,55.30725,70.41238699,105.6185805,35.20619349,4834.206193,1.909669717,146,4799,2513,312,636,1401,2349,1050,836,"list(list(c(-105.012692, -105.008965, -105.011008, -105.011185, -105.0112, -105.011202, -105.004137, -104.998203, -104.998355, -105.000024, -105.002911, -105.004115, -105.007719, -105.008186, -105.009489, -105.011707, -105.012692, 39.755368, 39.758085, 39.759643, 39.762037, 39.765639, 39.769286, 39.769287, 39.769296, 39.762093, 39.761391, 39.760591, 39.759701, 39.755264, 39.754791, 39.753926, 39.755009, 39.755368)))"
2.5,8031001301,104891,0.94,1.41,98597.54,147896.31,98.59754,147.89631,292.786258,439.179387,146.393129,5405.393129,2.969508752,192,5259,1771,330,832,601,1763,313,617,"list(list(c(-105.025099, -105.025082, -105.025078, -105.025092, -105.0157, -105.011009, -105.010983, -105.011033, -105.012139, -105.012621, -105.012707, -105.01569, -105.025059, -105.02508, -105.025084, -105.025099, 39.704912, 39.707512, 39.707654, 39.711174, 39.71119, 39.711189, 39.703972, 39.701372, 39.699143, 39.698316, 39.696747, 39.696762, 39.696746, 39.700411, 39.703947, 39.704912)))"
2.5,8031001401,"233,998",0.94,1.41,219958.12,329937.18,219.95812,329.93718,589.3478134,884.02172,294.6739067,6695.673907,2.679363751,395,6401,2389,820,846,673,2339,922,592,"list(list(c(-105.025059, -105.01569, -105.012707, -105.006595, -104.992384, -104.993915, -104.994836, -104.999501, -104.999755, -105.002745, -105.006864, -105.01176, -105.015708, -105.025057, -105.025064, -105.025059, 39.696746, 39.696762, 39.696747, 39.696724, 39.69666, 39.69293, 39.692048, 39.68971, 39.689116, 39.689446, 39.689468, 39.689495, 39.689513, 39.689485, 39.693108, 39.696746)))"
3,8031001401,143639,1.5,2.25,215458.5,323187.75,215.4585,323.18775,577.2916946,865.937542,288.6458473,6689.645847,2.679363751,395,6401,2389,820,846,673,2339,922,592,"list(list(c(-105.025059, -105.01569, -105.012707, -105.006595, -104.992384, -104.993915, -104.994836, -104.999501, -104.999755, -105.002745, -105.006864, -105.01176, -105.015708, -105.025057, -105.025064, -105.025059, 39.696746, 39.696762, 39.696747, 39.696724, 39.69666, 39.69293, 39.692048, 39.68971, 39.689116, 39.689446, 39.689468, 39.689495, 39.689513, 39.689485, 39.693108, 39.696746)))"
5,8031001401,"388,114",2.5,3.75,970285,1455427.5,970.285,1455.4275,2599.746457,3899.619685,1299.873228,7700.873228,2.679363751,395,6401,2389,820,846,673,2339,922,592,"list(list(c(-105.025059, -105.01569, -105.012707, -105.006595, -104.992384, -104.993915, -104.994836, -104.999501, -104.999755, -105.002745, -105.006864, -105.01176, -105.015708, -105.025057, -105.025064, -105.025059, 39.696746, 39.696762, 39.696747, 39.696724, 39.69666, 39.69293, 39.692048, 39.68971, 39.689116, 39.689446, 39.689468, 39.689495, 39.689513, 39.689485, 39.693108, 39.696746)))"
12,8031001401,"83,054",6,6.9,498324,573072.6,498.324,573.0726,1335.191262,1535.469951,200.2786892,6601.278689,2.679363751,395,6401,2389,820,846,673,2339,922,592,"list(list(c(-105.025059, -105.01569, -105.012707, -105.006595, -104.992384, -104.993915, -104.994836, -104.999501, -104.999755, -105.002745, -105.006864, -105.01176, -105.015708, -105.025057, -105.025064, -105.025059, 39.696746, 39.696762, 39.696747, 39.696724, 39.69666, 39.69293, 39.692048, 39.68971, 39.689116, 39.689446, 39.689468, 39.689495, 39.689513, 39.689485, 39.693108, 39.696746)))"
,8031001401,,,,1904025.62,2681625.03,1904.02562,2681.62503,5101.577226,7185.048898,2083.471672,27687.47167,2.679363751,395,6401,2389,820,846,673,2339,922,592,"list(list(c(-105.025059, -105.01569, -105.012707, -105.006595, -104.992384, -104.993915, -104.994836, -104.999501, -104.999755, -105.002745, -105.006864, -105.01176, -105.015708, -105.025057, -105.025064, -105.025059, 39.696746, 39.696762, 39.696747, 39.696724, 39.69666, 39.69293, 39.692048, 39.68971, 39.689116, 39.689446, 39.689468, 39.689495, 39.689513, 39.689485, 39.693108, 39.696746)))"
2.5,8031001403,306833,0.94,1.41,288423.02,432634.53,288.42302,432.63453,510.5070617,765.7605925,255.2535308,3287.253531,1.769994162,120,3032,1713,231,717,642,1590,669,696,"list(list(c(-105.001844, -104.999111, -104.997865, -104.997982, -104.998728, -105.001425, -105.001409, -104.999755, -104.999501, -104.994836, -104.993915, -104.992384, -104.987431, -104.987513, -104.987567, -104.987572, -104.991132, -104.999906, -105.001844, 39.66768, 39.668896, 39.672284, 39.67847, 39.680268, 39.682487, 39.683223, 39.689116, 39.68971, 39.692048, 39.69293, 39.69666, 39.696633, 39.687573, 39.678518, 39.667682, 39.667674, 39.667884, 39.66768)))"
3,8031001403,32153,1.5,2.25,48229.5,72344.25,48.2295,72.34425,85.36593345,128.0489002,42.68296673,3074.682967,1.769994162,120,3032,1713,231,717,642,1590,669,696,"list(list(c(-105.001844, -104.999111, -104.997865, -104.997982, -104.998728, -105.001425, -105.001409, -104.999755, -104.999501, -104.994836, -104.993915, -104.992384, -104.987431, -104.987513, -104.987567, -104.987572, -104.991132, -104.999906, -105.001844, 39.66768, 39.668896, 39.672284, 39.67847, 39.680268, 39.682487, 39.683223, 39.689116, 39.68971, 39.692048, 39.69293, 39.69666, 39.696633, 39.687573, 39.678518, 39.667682, 39.667674, 39.667884, 39.66768)))"
,8031001403,,,,336652.52,504978.78,336.65252,504.97878,595.8729951,893.8094927,297.9364976,6361.936498,1.769994162,120,3032,1713,231,717,642,1590,669,696,"list(list(c(-105.001844, -104.999111, -104.997865, -104.997982, -104.998728, -105.001425, -105.001409, -104.999755, -104.999501, -104.994836, -104.993915, -104.992384, -104.987431, -104.987513, -104.987567, -104.987572, -104.991132, -104.999906, -105.001844, 39.66768, 39.668896, 39.672284, 39.67847, 39.680268, 39.682487, 39.683223, 39.689116, 39.68971, 39.692048, 39.69293, 39.69666, 39.696633, 39.687573, 39.678518, 39.667682, 39.667674, 39.667884, 39.66768)))"
3,8031001600,"1,508,694",1.5,2.25,2263041,3394561.5,2263.041,3394.5615,4104.688159,6157.032238,2052.344079,14413.34408,1.813793103,459,12361,6815,916,1951,3491,6358,3060,2594,"list(list(c(-105.000024, -104.998355, -104.995506, -104.991971, -104.984805, -104.978523, -104.978415, -104.971915, -104.973347, -104.973343, -104.973338, -104.973319, -104.97334, -104.973925, -104.977027, -104.981854, -104.985476, -104.987383, -104.987397, -104.99169, -104.994272, -104.995989, -104.99983, -105.002911, -105.000024, 39.761391, 39.762093, 39.762989, 39.765542, 39.767446, 39.775124, 39.775306, 39.7703, 39.769187, 39.768163, 39.767919, 39.765764, 39.762046, 39.762034, 39.759603, 39.755866, 
39.753051, 39.75158, 39.748911, 39.752288, 39.754334, 39.755629, 39.758671, 39.760591, 39.761391)))"
3,8031001800,"616,470",1.5,2.25,924705,1387057.5,924.705,1387.0575,1769.130145,2653.695217,884.5650723,4454.565072,1.91318328,433,3570,1866,633,553,599,1785,826,695,"list(list(c(-105.000158, -105.000146, -104.998567, -104.993847, -104.990242, -104.987423, -104.987435, -104.99089, -104.992157, -105.000148, -105.000169, -105.000158, 39.733688, 39.740206, 39.740193, 39.73373, 39.728865, 39.726943, 39.725637, 39.725663, 39.725668, 39.725707, 39.726481, 39.733688)))"
12,8031001800,186730,6,6.9,1120380,1288437,1120.38,1288.437,2143.492283,2465.016125,321.5238424,3891.523842,1.91318328,433,3570,1866,633,553,599,1785,826,695,"list(list(c(-105.000158, -105.000146, -104.998567, -104.993847, -104.990242, -104.987423, -104.987435, -104.99089, -104.992157, -105.000148, -105.000169, -105.000158, 39.733688, 39.740206, 39.740193, 39.73373, 39.728865, 39.726943, 39.725637, 39.725663, 39.725668, 39.725707, 39.726481, 39.733688)))"
,8031001800,,,,2045085,2675494.5,2045.085,2675.4945,3912.622428,5118.711342,1206.088915,8346.088915,1.91318328,433,3570,1866,633,553,599,1785,826,695,"list(list(c(-105.000158, -105.000146, -104.998567, -104.993847, -104.990242, -104.987423, -104.987435, -104.99089, -104.992157, -105.000148, -105.000169, -105.000158, 39.733688, 39.740206, 39.740193, 39.73373, 39.728865, 39.726943, 39.725637, 39.725663, 39.725668, 39.725707, 39.726481, 39.733688)))"
12,8031002100,"219,506",6,6.9,1317036,1514591.4,1317.036,1514.5914,2626.075424,3019.986738,393.9113137,6961.911314,1.993928355,425,6568,3294,489,1025,1602,3116,1303,1132,"list(list(c(-105.015768, -105.00966, -105.009184, -105.007488, -105.006616, -105.005976, -105.006336, -105.003672, -105.001609, -105.000169, -105.000148, -104.992157, -104.99089, -104.987435, -104.987497, -104.987525, -104.987575, -104.987623, -104.987488, -104.987431, -104.992384, -104.992492, -104.997805, -105.000143, -105.001754, -105.003369, -105.006676, -105.009216, -105.012057, -105.01573, -105.015768, 39.725502, 39.725784, 39.725655, 39.725617, 39.725517, 39.725603, 39.725782, 39.725767, 39.725758, 
39.726481, 39.725707, 39.725668, 39.725663, 39.725637, 39.718358, 39.714779, 39.711157, 39.707535, 39.70388, 39.696633, 39.69666, 39.699352, 39.705845, 39.711202, 39.714688, 39.7165, 39.718578, 39.721183, 39.722234, 39.724463, 39.725502)))"
3,8031002402,84769,1.5,2.25,127153.5,190730.25,127.1535,190.73025,270.5337019,405.8005528,135.2668509,2169.266851,2.127615063,183,2034,956,188,251,439,878,279,386,"list(list(c(-104.97812, -104.978151, -104.978118, -104.973359, -104.973357, -104.973339, -104.973383, -104.978177, -104.97812, 39.750735, 39.75324, 39.754571, 39.754547, 39.750723, 39.746975, 39.743778, 39.7475, 39.750735)))"
5,8031002402,74411,2.5,3.75,186027.5,279041.25,186.0275,279.04125,395.7949111,593.6923666,197.8974555,2231.897456,2.127615063,183,2034,956,188,251,439,878,279,386,"list(list(c(-104.97812, -104.978151, -104.978118, -104.973359, -104.973357, -104.973339, -104.973383, -104.978177, -104.97812, 39.750735, 39.75324, 39.754571, 39.754547, 39.750723, 39.746975, 39.743778, 39.7475, 39.750735)))"
,8031002402,,,,313181,469771.5,313.181,469.7715,666.328613,999.4929195,333.1643065,4401.164306,2.127615063,183,2034,956,188,251,439,878,279,386,"list(list(c(-104.97812, -104.978151, -104.978118, -104.973359, -104.973357, -104.973339, -104.973383, -104.978177, -104.97812, 39.750735, 39.75324, 39.754571, 39.754547, 39.750723, 39.746975, 39.743778, 39.7475, 39.750735)))"
3,8031002403,"760,021",1.5,2.25,1140031.5,1710047.25,1140.0315,1710.04725,1846.639007,2769.95851,923.3195035,5452.319503,1.61981402,545,4529,2796,927,635,973,2535,1359,824,"list(list(c(-104.987397, -104.987383, -104.985476, -104.981854, -104.977027, -104.973925, -104.97334, -104.973349, -104.973359, -104.978118, -104.978151, -104.97812, -104.978177, -104.981074, -104.98359, -104.985479, -104.9874, -104.987397, 39.748911, 39.75158, 39.753051, 39.755866, 39.759603, 39.762034, 39.762046, 39.75824, 39.754547, 39.754571, 39.75324, 39.750735, 39.7475, 39.747545, 39.747551, 39.747576, 39.747357, 39.748911)))"
5,8031002602,42244,2.5,3.75,105610,158415,105.61,158.415,166.0407902,249.0611853,83.0203951,2968.020395,1.572207084,273,2885,1835,214,538,1000,1752,975,682,"list(list(c(-104.981074, -104.978177, -104.973383, -104.973387, -104.973412, -104.97991, -104.979892, -104.979884, -104.981074, 39.747545, 39.7475, 39.743778, 39.743248, 39.740029, 39.740021, 39.743263, 39.746178, 39.747545)))"
8,8031002602,45423,4,5,181692,227115,181.692,227.115,285.6574496,357.071812,71.4143624,2956.414362,1.572207084,273,2885,1835,214,538,1000,1752,975,682,"list(list(c(-104.981074, -104.978177, -104.973383, -104.973387, -104.973412, -104.97991, -104.979892, -104.979884, -104.981074, 39.747545, 39.7475, 39.743778, 39.743248, 39.740029, 39.740021, 39.743263, 39.746178, 39.747545)))"
,8031002602,,,,287302,385530,287.302,385.53,451.6982398,606.1329973,154.4347575,5924.434757,1.572207084,273,2885,1835,214,538,1000,1752,975,682,"list(list(c(-104.981074, -104.978177, -104.973383, -104.973387, -104.973412, -104.97991, -104.979892, -104.979884, -104.981074, 39.747545, 39.7475, 39.743778, 39.743248, 39.740029, 39.740021, 39.743263, 39.746178, 39.747545)))"
3,8031002702,2461169,1.5,2.25,3691753.5,5537630.25,3691.7535,5537.63025,5399.220667,8098.831001,2699.610334,9194.610334,1.462508444,688,6495,4441,653,1783,1906,4342,2859,1266,"list(list(c(-104.987404, -104.987403, -104.983581, -104.982256, -104.979832, -104.978681, -104.972979, -104.972935, -104.972939, -104.977558, -104.979938, -104.981138, -104.983623, -104.987415, -104.987404, 39.729094, 39.732043, 39.73204, 39.732034, 39.732021, 39.732026, 39.732049, 39.729078, 39.727283, 39.727261, 39.727268, 39.727264, 39.727283, 39.727275, 39.729094)))"
5,8031002702,"3,055,408",2.5,3.75,7638520,11457780,7638.52,11457.78,11171.4,16757.1,5585.7,12080.7,1.462508444,688,6495,4441,653,1783,1906,4342,2859,1266,"list(list(c(-104.987404, -104.987403, -104.983581, -104.982256, -104.979832, -104.978681, -104.972979, -104.972935, -104.972939, -104.977558, -104.979938, -104.981138, -104.983623, -104.987415, -104.987404, 39.729094, 39.732043, 39.73204, 39.732034, 39.732021, 39.732026, 39.732049, 39.729078, 39.727283, 39.727261, 39.727268, 39.727264, 39.727283, 39.727275, 39.729094)))"
8,8031002702,137563,4,5,550252,687815,550.252,687.815,804.7481964,1005.935245,201.1870491,6696.187049,1.462508444,688,6495,4441,653,1783,1906,4342,2859,1266,"list(list(c(-104.987404, -104.987403, -104.983581, -104.982256, -104.979832, -104.978681, -104.972979, -104.972935, -104.972939, -104.977558, -104.979938, -104.981138, -104.983623, -104.987415, -104.987404, 39.729094, 39.732043, 39.73204, 39.732034, 39.732021, 39.732026, 39.732049, 39.729078, 39.727283, 39.727261, 39.727268, 39.727264, 39.727283, 39.727275, 39.729094)))"
12,8031002702,"411,047",6,6.9,2466282,2836224.3,2466.282,2836.2243,3606.95825,4148.001988,541.0437376,7036.043738,1.462508444,688,6495,4441,653,1783,1906,4342,2859,1266,"list(list(c(-104.987404, -104.987403, -104.983581, -104.982256, -104.979832, -104.978681, -104.972979, -104.972935, -104.972939, -104.977558, -104.979938, -104.981138, -104.983623, -104.987415, -104.987404, 39.729094, 39.732043, 39.73204, 39.732034, 39.732021, 39.732026, 39.732049, 39.729078, 39.727283, 39.727261, 39.727268, 39.727264, 39.727283, 39.727275, 39.729094)))"
,8031002702,,,,14346807.5,20519449.55,14346.8075,20519.44955,20982.32711,30009.86823,9027.54112,35007.54112,1.462508444,688,6495,4441,653,1783,1906,4342,2859,1266,"list(list(c(-104.987404, -104.987403, -104.983581, -104.982256, -104.979832, -104.978681, -104.972979, -104.972935, -104.972939, -104.977558, -104.979938, -104.981138, -104.983623, -104.987415, -104.987404, 39.729094, 39.732043, 39.73204, 39.732034, 39.732021, 39.732026, 39.732049, 39.729078, 39.727283, 39.727261, 39.727268, 39.727264, 39.727283, 39.727275, 39.729094)))"
3,8031002801,244802,1.5,2.25,367203,550804.5,367.203,550.8045,562.1333024,843.1999536,281.0666512,3283.066651,1.530851606,148,3002,1961,255,656,928,1839,1095,532,"list(list(c(-104.987415, -104.983623, -104.981138, -104.979938, -104.977558, -104.972939, -104.972914, -104.972916, -104.97291, -104.972931, -104.973248, -104.976083, -104.977538, -104.980305, -104.982969, -104.987423, -104.987415, 39.727275, 39.727283, 39.727264, 39.727268, 39.727261, 39.727283, 39.725576, 39.723738, 39.721952, 39.720105, 39.718401, 39.7191, 39.719747, 39.721486, 39.723163, 39.726943, 39.727275)))"
5,8031002801,487621,2.5,3.75,1219052.5,1828578.75,1219.0525,1828.57875,1866.188478,2799.282717,933.0942389,3935.094239,1.530851606,148,3002,1961,255,656,928,1839,1095,532,"list(list(c(-104.987415, -104.983623, -104.981138, -104.979938, -104.977558, -104.972939, -104.972914, -104.972916, -104.97291, -104.972931, -104.973248, -104.976083, -104.977538, -104.980305, -104.982969, -104.987423, -104.987415, 39.727275, 39.727283, 39.727264, 39.727268, 39.727261, 39.727283, 39.725576, 39.723738, 39.721952, 39.720105, 39.718401, 39.7191, 39.719747, 39.721486, 39.723163, 39.726943, 39.727275)))"
,8031002801,,,,1586255.5,2379383.25,1586.2555,2379.38325,2428.32178,3642.48267,1214.16089,7218.16089,1.530851606,148,3002,1961,255,656,928,1839,1095,532,"list(list(c(-104.987415, -104.983623, -104.981138, -104.979938, -104.977558, -104.972939, -104.972914, -104.972916, -104.97291, -104.972931, -104.973248, -104.976083, -104.977538, -104.980305, -104.982969, -104.987423, -104.987415, 39.727275, 39.727283, 39.727264, 39.727268, 39.727261, 39.727283, 39.725576, 39.723738, 39.721952, 39.720105, 39.718401, 39.7191, 39.719747, 39.721486, 39.723163, 39.726943, 39.727275)))"
3,8031002802,1979671.5,1.5,2.25,2969507.25,4454260.875,2969.50725,4454.260875,3976.319075,5964.478612,1988.159537,6048.159537,1.339050132,300,4060,3032,404,1272,965,2641,1831,493,"list(list(c(-104.987525, -104.987497, -104.987435, -104.987423, -104.982969, -104.980305, -104.980278, -104.980299, -104.980387, -104.980383, -104.987575, -104.987525, 39.714779, 39.718358, 39.725637, 39.726943, 39.723163, 39.721486, 39.718323, 39.716522, 39.714728, 39.711118, 39.711157, 39.714779)))"
5,8031002802,"817,747",2.5,3.75,2044367.5,3066551.25,2044.3675,3066.55125,2737.510571,4106.265856,1368.755285,5428.755285,1.339050132,300,4060,3032,404,1272,965,2641,1831,493,"list(list(c(-104.987525, -104.987497, -104.987435, -104.987423, -104.982969, -104.980305, -104.980278, -104.980299, -104.980387, -104.980383, -104.987575, -104.987525, 39.714779, 39.718358, 39.725637, 39.726943, 39.723163, 39.721486, 39.718323, 39.716522, 39.714728, 39.711118, 39.711157, 39.714779)))"
,8031002802,,,,5013874.75,7520812.125,5013.87475,7520.812125,6713.829645,10070.74447,3356.914823,11476.91482,1.339050132,300,4060,3032,404,1272,965,2641,1831,493,"list(list(c(-104.987525, -104.987497, -104.987435, -104.987423, -104.982969, -104.980305, -104.980278, -104.980299, -104.980387, -104.980383, -104.987575, -104.987525, 39.714779, 39.718358, 39.725637, 39.726943, 39.723163, 39.721486, 39.718323, 39.716522, 39.714728, 39.711118, 39.711157, 39.714779)))"
3,8031002803,1962288.5,1.5,2.25,2943432.75,4415149.125,2943.43275,4415.149125,4150.696845,6226.045268,2075.348423,7074.348423,1.410155148,297,4999,3545,395,1557,1364,3316,2023,1042,"list(list(c(-104.980387, -104.980299, -104.980278, -104.980305, -104.977538, -104.976083, -104.973248, -104.973391, -104.973393, -104.976907, -104.980383, -104.980387, 39.714728, 39.716522, 39.718323, 39.721486, 39.719747, 39.7191, 39.718401, 39.716531, 39.711108, 39.711102, 39.711118, 39.714728)))"
5,8031002803,1136984,2.5,3.75,2842460,4263690,2842.46,4263.69,4008.309602,6012.464403,2004.154801,7003.154801,1.410155148,297,4999,3545,395,1557,1364,3316,2023,1042,"list(list(c(-104.980387, -104.980299, -104.980278, -104.980305, -104.977538, -104.976083, -104.973248, -104.973391, -104.973393, -104.976907, -104.980383, -104.980387, 39.714728, 39.716522, 39.718323, 39.721486, 39.719747, 39.7191, 39.718401, 39.716531, 39.711108, 39.711102, 39.711118, 39.714728)))"
8,8031002803,"395,955",4,5,1583820,1979775,1583.82,1979.775,2233.431927,2791.789908,558.3579817,5557.357982,1.410155148,297,4999,3545,395,1557,1364,3316,2023,1042,"list(list(c(-104.980387, -104.980299, -104.980278, -104.980305, -104.977538, -104.976083, -104.973248, -104.973391, -104.973393, -104.976907, -104.980383, -104.980387, 39.714728, 39.716522, 39.718323, 39.721486, 39.719747, 39.7191, 39.718401, 39.716531, 39.711108, 39.711102, 39.711118, 39.714728)))"
20,8031002803,"679,841",10,10.5,6798410,7138330.5,6798.41,7138.3305,9586.81286,10066.1535,479.340643,5478.340643,1.410155148,297,4999,3545,395,1557,1364,3316,2023,1042,"list(list(c(-104.980387, -104.980299, -104.980278, -104.980305, -104.977538, -104.976083, -104.973248, -104.973391, -104.973393, -104.976907, -104.980383, -104.980387, 39.714728, 39.716522, 39.718323, 39.721486, 39.719747, 39.7191, 39.718401, 39.716531, 39.711108, 39.711102, 39.711118, 39.714728)))"
,8031002803,,,,14168122.75,17796944.63,14168.12275,17796.94463,19979.25123,25096.45308,5117.201849,25113.20185,1.410155148,297,4999,3545,395,1557,1364,3316,2023,1042,"list(list(c(-104.980387, -104.980299, -104.980278, -104.980305, -104.977538, -104.976083, -104.973248, -104.973391, -104.973393, -104.976907, -104.980383, -104.980387, 39.714728, 39.716522, 39.718323, 39.721486, 39.719747, 39.7191, 39.718401, 39.716531, 39.711108, 39.711102, 39.711118, 39.714728)))"
3,8031003004,94313,1.5,2.25,141469.5,212204.25,141.4695,212.20425,351.7431579,527.6147368,175.8715789,6734.871579,2.486353298,44,6559,2638,316,849,1245,2410,767,839,"list(list(c(-104.974586, -104.973475, -104.973477, -104.973431, -104.965232, -104.959511, -104.959393, -104.959385, -104.959379, -104.959434, -104.959443, -104.963149, -104.963224, -104.967619, -104.968785, -104.968805, -104.973489, -104.973486, -104.974586, 39.667687, 39.669491, 39.674884, 39.678512, 39.678469, 39.678475, 39.678425, 39.673028, 39.667594, 39.663924, 39.661526, 39.66156, 39.66037, 39.660409, 39.660417, 39.665839, 39.665866, 39.667684, 39.667687)))"
5,8031003004,"929,100",2.5,3.75,2322750,3484125,2322.75,3484.125,5775.177123,8662.765684,2887.588561,9446.588561,2.486353298,44,6559,2638,316,849,1245,2410,767,839,"list(list(c(-104.974586, -104.973475, -104.973477, -104.973431, -104.965232, -104.959511, -104.959393, -104.959385, -104.959379, -104.959434, -104.959443, -104.963149, -104.963224, -104.967619, -104.968785, -104.968805, -104.973489, -104.973486, -104.974586, 39.667687, 39.669491, 39.674884, 39.678512, 39.678469, 39.678475, 39.678425, 39.673028, 39.667594, 39.663924, 39.661526, 39.66156, 39.66037, 39.660409, 39.660417, 39.665839, 39.665866, 39.667684, 39.667687)))"
12,8031003004,67911.66667,6,6.9,407470,468590.5,407.47,468.5905,1013.114378,1165.081535,151.9671568,6710.967157,2.486353298,44,6559,2638,316,849,1245,2410,767,839,"list(list(c(-104.974586, -104.973475, -104.973477, -104.973431, -104.965232, -104.959511, -104.959393, -104.959385, -104.959379, -104.959434, -104.959443, -104.963149, -104.963224, -104.967619, -104.968785, -104.968805, -104.973489, -104.973486, -104.974586, 39.667687, 39.669491, 39.674884, 39.678512, 39.678469, 39.678475, 39.678425, 39.673028, 39.667594, 39.663924, 39.661526, 39.66156, 39.66037, 39.660409, 39.660417, 39.665839, 39.665866, 39.667684, 39.667687)))"
,8031003004,,,,2871689.5,4164919.75,2871.6895,4164.91975,7140.034659,10355.46196,3215.427297,22892.4273,2.486353298,44,6559,2638,316,849,1245,2410,767,839,"list(list(c(-104.974586, -104.973475, -104.973477, -104.973431, -104.965232, -104.959511, -104.959393, -104.959385, -104.959379, -104.959434, -104.959443, -104.963149, -104.963224, -104.967619, -104.968785, -104.968805, -104.973489, -104.973486, -104.974586, 39.667687, 39.669491, 39.674884, 39.678512, 39.678469, 39.678475, 39.678425, 39.673028, 39.667594, 39.663924, 39.661526, 39.66156, 39.66037, 39.660409, 39.660417, 39.665839, 39.665866, 39.667684, 39.667687)))"
3,8031003101,"77,475",1.5,2.25,116212.5,174318.75,116.2125,174.31875,237.403664,356.1054961,118.701832,1930.701832,2.042841037,110,1812,887,118,291,377,786,284,230,"list(list(c(-104.973357, -104.959766, -104.959784, -104.964757, -104.964754, -104.968434, -104.968432, -104.973339, -104.973357, 39.750723, 39.750716, 39.746935, 39.746943, 39.746068, 39.746081, 39.747101, 39.746975, 39.750723)))"
3,8031003201,3359239.333,1.5,2.25,5038859,7558288.499,5038.859,7558.288499,8069.067503,12103.60125,4034.533752,9887.533752,1.601367989,284,5853,3655,375,1500,1572,3447,1707,1448,"list(list(c(-104.973008, -104.972991, -104.969688, -104.964766, -104.964773, -104.965006, -104.964491, -104.964619, -104.965881, -104.969461, -104.972935, -104.972979, -104.972978, -104.972999, -104.973008, 39.736875, 39.740038, 39.740025, 39.739999, 39.73682, 39.735404, 39.733456, 39.730484, 39.729093, 39.729085, 39.729078, 39.732049, 39.733708, 39.735157, 39.736875)))"
5,8031003201,2542378.5,2.5,3.75,6355946.25,9533919.375,6355.94625,9533.919375,10178.20886,15267.3133,5089.104432,10942.10443,1.601367989,284,5853,3655,375,1500,1572,3447,1707,1448,"list(list(c(-104.973008, -104.972991, -104.969688, -104.964766, -104.964773, -104.965006, -104.964491, -104.964619, -104.965881, -104.969461, -104.972935, -104.972979, -104.972978, -104.972999, -104.973008, 39.736875, 39.740038, 39.740025, 39.739999, 39.73682, 39.735404, 39.733456, 39.730484, 39.729093, 39.729085, 39.729078, 39.732049, 39.733708, 39.735157, 39.736875)))"
20,8031003201,280983,10,10.5,2809830,2950321.5,2809.83,2950.3215,4499.571817,4724.550408,224.9785908,6077.978591,1.601367989,284,5853,3655,375,1500,1572,3447,1707,1448,"list(list(c(-104.973008, -104.972991, -104.969688, -104.964766, -104.964773, -104.965006, -104.964491, -104.964619, -104.965881, -104.969461, -104.972935, -104.972979, -104.972978, -104.972999, -104.973008, 39.736875, 39.740038, 39.740025, 39.739999, 39.73682, 39.735404, 39.733456, 39.730484, 39.729093, 39.729085, 39.729078, 39.732049, 39.733708, 39.735157, 39.736875)))"
,8031003201,,,,14204635.25,20042529.37,14204.63525,20042.52937,22746.84818,32095.46496,9348.616775,26907.61677,1.601367989,284,5853,3655,375,1500,1572,3447,1707,1448,"list(list(c(-104.973008, -104.972991, -104.969688, -104.964766, -104.964773, -104.965006, -104.964491, -104.964619, -104.965881, -104.969461, -104.972935, -104.972979, -104.972978, -104.972999, -104.973008, 39.736875, 39.740038, 39.740025, 39.739999, 39.73682, 39.735404, 39.733456, 39.730484, 39.729093, 39.729085, 39.729078, 39.732049, 39.733708, 39.735157, 39.736875)))"
3,8031003202,1405445.333,1.5,2.25,2108168,3162251.999,2108.168,3162.251999,3323.826919,4985.740378,1661.913459,5117.913459,1.576642336,335,3456,2192,376,858,874,2108,1191,797,"list(list(c(-104.964619, -104.964491, -104.965006, -104.964773, -104.964766, -104.959781, -104.959784, -104.959795, -104.959839, -104.960192, -104.965881, -104.964619, 39.730484, 39.733456, 39.735404, 39.73682, 39.739999, 39.739988, 39.73681, 39.733453, 39.731079, 39.729108, 39.729093, 39.730484)))"
12,8031003202,"115,740",6,6.9,694440,798606,694.44,798.606,1094.883504,1259.116029,164.2325255,3620.232526,1.576642336,335,3456,2192,376,858,874,2108,1191,797,"list(list(c(-104.964619, -104.964491, -104.965006, -104.964773, -104.964766, -104.959781, -104.959784, -104.959795, -104.959839, -104.960192, -104.965881, -104.964619, 39.730484, 39.733456, 39.735404, 39.73682, 39.739999, 39.739988, 39.73681, 39.733453, 39.731079, 39.729108, 39.729093, 39.730484)))"
20,8031003202,"505,863",10,10.5,5058630,5311561.5,5058.63,5311.5615,7975.650219,8374.43273,398.7825109,3854.782511,1.576642336,335,3456,2192,376,858,874,2108,1191,797,"list(list(c(-104.964619, -104.964491, -104.965006, -104.964773, -104.964766, -104.959781, -104.959784, -104.959795, -104.959839, -104.960192, -104.965881, -104.964619, 39.730484, 39.733456, 39.735404, 39.73682, 39.739999, 39.739988, 39.73681, 39.733453, 39.731079, 39.729108, 39.729093, 39.730484)))"
,8031003202,,,,7861238,9272419.499,7861.238,9272.419499,12394.36064,14619.28914,2224.928496,12592.9285,1.576642336,335,3456,2192,376,858,874,2108,1191,797,"list(list(c(-104.964619, -104.964491, -104.965006, -104.964773, -104.964766, -104.959781, -104.959784, -104.959795, -104.959839, -104.960192, -104.965881, -104.964619, 39.730484, 39.733456, 39.735404, 39.73682, 39.739999, 39.739988, 39.73681, 39.733453, 39.731079, 39.729108, 39.729093, 39.730484)))"
5,8031003401,109896,2.5,3.75,274740,412110,274.74,412.11,477.6055723,716.4083584,238.8027861,2896.802786,1.738391105,38,2658,1529,88,323,980,1391,581,525,"list(list(c(-104.973391, -104.973248, -104.970587, -104.966309, -104.960207, -104.959307, -104.959261, -104.959328, -104.965173, -104.966328, -104.973374, -104.973393, -104.973391, 39.716531, 39.718401, 39.717699, 39.714424, 39.715572, 39.715312, 39.711117, 39.707489, 39.70749, 39.707489, 39.70749, 39.711108, 39.716531)))"
20,8031003401,300918,10,10.5,3009180,3159639,3009.18,3159.639,5231.131746,5492.688334,261.5565873,2919.556587,1.738391105,38,2658,1529,88,323,980,1391,581,525,"list(list(c(-104.973391, -104.973248, -104.970587, -104.966309, -104.960207, -104.959307, -104.959261, -104.959328, -104.965173, -104.966328, -104.973374, -104.973393, -104.973391, 39.716531, 39.718401, 39.717699, 39.714424, 39.715572, 39.715312, 39.711117, 39.707489, 39.70749, 39.707489, 39.70749, 39.711108, 39.716531)))"
,8031003401,,,,3283920,3571749,3283.92,3571.749,5708.737319,6209.096692,500.3593734,5816.359373,1.738391105,38,2658,1529,88,323,980,1391,581,525,"list(list(c(-104.973391, -104.973248, -104.970587, -104.966309, -104.960207, -104.959307, -104.959261, -104.959328, -104.965173, -104.966328, -104.973374, -104.973393, -104.973391, 39.716531, 39.718401, 39.717699, 39.714424, 39.715572, 39.715312, 39.711117, 39.707489, 39.70749, 39.707489, 39.70749, 39.711108, 39.716531)))"
2.5,8031003603,"520,837",0.94,1.41,489586.78,734380.17,489.58678,734.38017,1101.492246,1652.238368,550.7461228,4080.746123,2.249840663,52,3530,1569,199,458,839,1496,404,606,"list(list(c(-104.959758, -104.959763, -104.959752, -104.956104, -104.951183, -104.949914, -104.946262, -104.942711, -104.940495, -104.940508, -104.940508, -104.94058, -104.954945, -104.959766, -104.959758, 39.754466, 39.758228, 39.761991, 39.761984, 39.761962, 39.761953, 39.761934, 39.761716, 39.76196, 39.758294, 39.754664, 39.751036, 39.75115, 39.750716, 39.754466)))"
3,8031003701,"685,063",1.5,2.25,1027594.5,1541391.75,1027.5945,1541.39175,1794.142914,2691.214371,897.0714569,4574.071457,1.745963913,215,3677,2106,329,624,1006,1959,976,717,"list(list(c(-104.959784, -104.959766, -104.954945, -104.94058, -104.940593, -104.940653, -104.940593, -104.94947, -104.95006, -104.954165, -104.95811, -104.959781, -104.959783, -104.95979, -104.959784, 39.746935, 39.750716, 39.75115, 39.751036, 39.74739, 39.743752, 39.740128, 39.74016, 39.740163, 39.740182, 39.740196, 39.739988, 39.743259, 39.744766, 39.746935)))"
5,8031003701,"1,391,795",2.5,3.75,3479487.5,5219231.25,3479.4875,5219.23125,6075.059609,9112.589414,3037.529805,6714.529805,1.745963913,215,3677,2106,329,624,1006,1959,976,717,"list(list(c(-104.959784, -104.959766, -104.954945, -104.94058, -104.940593, -104.940653, -104.940593, -104.94947, -104.95006, -104.954165, -104.95811, -104.959781, -104.959783, -104.95979, -104.959784, 39.746935, 39.750716, 39.75115, 39.751036, 39.74739, 39.743752, 39.740128, 39.74016, 39.740163, 39.740182, 39.740196, 39.739988, 39.743259, 39.744766, 39.746935)))"
12,8031003701,37988,6,6.9,227928,262117.2,227.928,262.1172,397.9540627,457.6471721,59.6931094,3736.693109,1.745963913,215,3677,2106,329,624,1006,1959,976,717,"list(list(c(-104.959784, -104.959766, -104.954945, -104.94058, -104.940593, -104.940653, -104.940593, -104.94947, -104.95006, -104.954165, -104.95811, -104.959781, -104.959783, -104.95979, -104.959784, 39.746935, 39.750716, 39.75115, 39.751036, 39.74739, 39.743752, 39.740128, 39.74016, 39.740163, 39.740182, 39.740196, 39.739988, 39.743259, 39.744766, 39.746935)))"
,8031003701,,,,4735010,7022740.2,4735.01,7022.7402,8267.156586,12261.45096,3994.294371,15025.29437,1.745963913,215,3677,2106,329,624,1006,1959,976,717,"list(list(c(-104.959784, -104.959766, -104.954945, -104.94058, -104.940593, -104.940653, -104.940593, -104.94947, -104.95006, -104.954165, -104.95811, -104.959781, -104.959783, -104.95979, -104.959784, 39.746935, 39.750716, 39.75115, 39.751036, 39.74739, 39.743752, 39.740128, 39.74016, 39.740163, 39.740182, 39.740196, 39.739988, 39.743259, 39.744766, 39.746935)))"
3,8031003702,1405445.333,1.5,2.25,2108168,3162251.999,2108.168,3162.251999,3614.209059,5421.313589,1807.10453,6801.10453,1.714383797,503,4994,2913,607,1238,894,2739,1607,720,"list(list(c(-104.959784, -104.959781, -104.95811, -104.954165, -104.95006, -104.94947, -104.949491, -104.949493, -104.954051, -104.954053, -104.959795, -104.959784, 39.73681, 39.739988, 39.740196, 39.740182, 39.740163, 39.74016, 39.736778, 39.732103, 39.732099, 39.733682, 39.733453, 39.73681)))"
3,8031003703,252331,1.5,2.25,378496.5,567744.75,378.4965,567.74475,666.0396385,999.0594577,333.0198192,3599.019819,1.759698276,194,3266,1856,210,746,703,1659,721,574,"list(list(c(-104.949491, -104.94947, -104.940593, -104.940593, -104.940615, -104.940602, -104.949493, -104.949491, 39.736778, 39.74016, 39.740128, 39.736683, 39.734689, 39.732076, 39.732103, 39.736778)))"
5,8031003703,"434,229",2.5,3.75,1085572.5,1628358.75,1085.5725,1628.35875,1910.280057,2865.420085,955.1400283,4221.140028,1.759698276,194,3266,1856,210,746,703,1659,721,574,"list(list(c(-104.949491, -104.94947, -104.940593, -104.940593, -104.940615, -104.940602, -104.949493, -104.949491, 39.736778, 39.74016, 39.740128, 39.736683, 39.734689, 39.732076, 39.732103, 39.736778)))"
,8031003703,,,,1464069,2196103.5,1464.069,2196.1035,2576.319695,3864.479543,1288.159848,7820.159848,1.759698276,194,3266,1856,210,746,703,1659,721,574,"list(list(c(-104.949491, -104.94947, -104.940593, -104.940593, -104.940615, -104.940602, -104.949493, -104.949491, 39.736778, 39.74016, 39.740128, 39.736683, 39.734689, 39.732076, 39.732103, 39.736778)))"
3,8031003800,"138,876",1.5,2.25,208314,312471,208.314,312.471,298.3380514,447.5070771,149.1690257,6999.169026,1.432155551,478,6850,4783,562,989,2514,4065,1991,1688,"list(list(c(-104.96017, -104.95554, -104.949794, -104.949507, -104.940615, -104.940632, -104.940635, -104.940628, -104.940645, -104.941349, -104.946183, -104.948509, -104.950121, -104.954033, -104.959307, -104.95931, -104.959439, -104.959443, -104.959459, -104.96017, 39.725606, 39.725611, 39.725609, 39.725607, 39.725598, 39.720942, 39.718352, 39.717792, 39.711564, 39.711611, 39.711493, 39.711798, 39.713356, 39.715443, 39.715312, 39.718344, 39.71942, 39.72255, 39.72496, 39.725606)))"
5,8031003800,"308,437",2.5,3.75,771092.5,1156638.75,771.0925,1156.63875,1104.324404,1656.486606,552.1622021,7402.162202,1.432155551,478,6850,4783,562,989,2514,4065,1991,1688,"list(list(c(-104.96017, -104.95554, -104.949794, -104.949507, -104.940615, -104.940632, -104.940635, -104.940628, -104.940645, -104.941349, -104.946183, -104.948509, -104.950121, -104.954033, -104.959307, -104.95931, -104.959439, -104.959443, -104.959459, -104.96017, 39.725606, 39.725611, 39.725609, 39.725607, 39.725598, 39.720942, 39.718352, 39.717792, 39.711564, 39.711611, 39.711493, 39.711798, 39.713356, 39.715443, 39.715312, 39.718344, 39.71942, 39.72255, 39.72496, 39.725606)))"
12,8031003800,"252,703",6,6.9,1516218,1743650.7,1516.218,1743.6507,2171.460025,2497.179029,325.7190038,7175.719004,1.432155551,478,6850,4783,562,989,2514,4065,1991,1688,"list(list(c(-104.96017, -104.95554, -104.949794, -104.949507, -104.940615, -104.940632, -104.940635, -104.940628, -104.940645, -104.941349, -104.946183, -104.948509, -104.950121, -104.954033, -104.959307, -104.95931, -104.959439, -104.959443, -104.959459, -104.96017, 39.725606, 39.725611, 39.725609, 39.725607, 39.725598, 39.720942, 39.718352, 39.717792, 39.711564, 39.711611, 39.711493, 39.711798, 39.713356, 39.715443, 39.715312, 39.718344, 39.71942, 39.72255, 39.72496, 39.725606)))"
,8031003800,,,,2495624.5,3212760.45,2495.6245,3212.76045,3574.122481,4601.172712,1027.050232,21577.05023,1.432155551,478,6850,4783,562,989,2514,4065,1991,1688,"list(list(c(-104.96017, -104.95554, -104.949794, -104.949507, -104.940615, -104.940632, -104.940635, -104.940628, -104.940645, -104.941349, -104.946183, -104.948509, -104.950121, -104.954033, -104.959307, -104.95931, -104.959439, -104.959443, -104.959459, -104.96017, 39.725606, 39.725611, 39.725609, 39.725607, 39.725598, 39.720942, 39.718352, 39.717792, 39.711564, 39.711611, 39.711493, 39.711798, 39.713356, 39.715443, 39.715312, 39.718344, 39.71942, 39.72255, 39.72496, 39.725606)))"
5,8031004003,109473,2.5,3.75,273682.5,410523.75,273.6825,410.52375,537.800141,806.7002114,268.9000705,4485.90007,1.965051258,176,4217,2146,296,642,1132,2070,807,834,"list(list(c(-104.940686, -104.94068, -104.94068, -104.938145, -104.936789, -104.931622, -104.930436, -104.926275, -104.925662, -104.923765, -104.918448, -104.920458, -104.931703, -104.940683, -104.940686, 39.66346, 39.66756, 39.668329, 39.668072, 39.667548, 39.667473, 39.667471, 39.667471, 39.667486, 39.66461, 39.653079, 39.65309, 39.653044, 39.653013, 39.66346)))"
12,8031004003,66486,6,6.9,398916,458753.4,398.916,458.7534,783.8903877,901.4739459,117.5835582,4334.583558,1.965051258,176,4217,2146,296,642,1132,2070,807,834,"list(list(c(-104.940686, -104.94068, -104.94068, -104.938145, -104.936789, -104.931622, -104.930436, -104.926275, -104.925662, -104.923765, -104.918448, -104.920458, -104.931703, -104.940683, -104.940686, 39.66346, 39.66756, 39.668329, 39.668072, 39.667548, 39.667473, 39.667471, 39.667471, 39.667486, 39.66461, 39.653079, 39.65309, 39.653044, 39.653013, 39.66346)))"
,8031004003,,,,672598.5,869277.15,672.5985,869.27715,1321.690529,1708.174157,386.4836286,8820.483629,1.965051258,176,4217,2146,296,642,1132,2070,807,834,"list(list(c(-104.940686, -104.94068, -104.94068, -104.938145, -104.936789, -104.931622, -104.930436, -104.926275, -104.925662, -104.923765, -104.918448, -104.920458, -104.931703, -104.940683, -104.940686, 39.66346, 39.66756, 39.668329, 39.668072, 39.667548, 39.667473, 39.667471, 39.667471, 39.667486, 39.66461, 39.653079, 39.65309, 39.653044, 39.653013, 39.66346)))"
2.5,8031004005,30559,0.94,1.41,28725.46,43088.19,28.72546,43.08819,50.97648873,76.46473309,25.48824436,3324.488244,1.774610005,332,3299,1859,276,769,626,1671,756,678,"list(list(c(-104.959447, -104.950487, -104.947859, -104.94042, -104.940748, -104.940924, -104.950828, -104.956583, -104.959393, -104.959447, 39.684727, 39.68468, 39.684504, 39.682897, 39.678414, 39.678378, 39.678424, 39.678472, 39.678425, 39.684727)))"
3,8031004005,"549,362",1.5,2.25,824043,1236064.5,824.043,1236.0645,1462.354953,2193.532429,731.1774763,4030.177476,1.774610005,332,3299,1859,276,769,626,1671,756,678,"list(list(c(-104.959447, -104.950487, -104.947859, -104.94042, -104.940748, -104.940924, -104.950828, -104.956583, -104.959393, -104.959447, 39.684727, 39.68468, 39.684504, 39.682897, 39.678414, 39.678378, 39.678424, 39.678472, 39.678425, 39.684727)))"
5,8031004005,"695,533",2.5,3.75,1738832.5,2608248.75,1738.8325,2608.24875,3085.749552,4628.624328,1542.874776,4841.874776,1.774610005,332,3299,1859,276,769,626,1671,756,678,"list(list(c(-104.959447, -104.950487, -104.947859, -104.94042, -104.940748, -104.940924, -104.950828, -104.956583, -104.959393, -104.959447, 39.684727, 39.68468, 39.684504, 39.682897, 39.678414, 39.678378, 39.678424, 39.678472, 39.678425, 39.684727)))"
,8031004005,,,,2591600.96,3887401.44,2591.60096,3887.40144,4599.080994,6898.62149,2299.540497,12196.5405,1.774610005,332,3299,1859,276,769,626,1671,756,678,"list(list(c(-104.959447, -104.950487, -104.947859, -104.94042, -104.940748, -104.940924, -104.950828, -104.956583, -104.959393, -104.959447, 39.684727, 39.68468, 39.684504, 39.682897, 39.678414, 39.678378, 39.678424, 39.678472, 39.678425, 39.684727)))"
3,8031004006,"699,919",1.5,2.25,1049878.5,1574817.75,1049.8785,1574.81775,2159.788172,3239.682258,1079.894086,5936.894086,2.057179161,107,4857,2361,403,534,1081,2018,651,656,"list(list(c(-104.959393, -104.956583, -104.950828, -104.940924, -104.940748, -104.94068, -104.94068, -104.945362, -104.945822, -104.948509, -104.950194, -104.950744, -104.959379, -104.959385, -104.959393, 39.678425, 39.678472, 39.678424, 39.678378, 39.678414, 39.668329, 39.66756, 39.667564, 39.667565, 39.66694, 39.667253, 39.667531, 39.667594, 39.673028, 39.678425)))"
5,8031004006,"153,780",2.5,3.75,384450,576675,384.45,576.675,790.8825286,1186.323793,395.4412643,5252.441264,2.057179161,107,4857,2361,403,534,1081,2018,651,656,"list(list(c(-104.959393, -104.956583, -104.950828, -104.940924, -104.940748, -104.94068, -104.94068, -104.945362, -104.945822, -104.948509, -104.950194, -104.950744, -104.959379, -104.959385, -104.959393, 39.678425, 39.678472, 39.678424, 39.678378, 39.678414, 39.668329, 39.66756, 39.667564, 39.667565, 39.66694, 39.667253, 39.667531, 39.667594, 39.673028, 39.678425)))"
12,8031004006,135823.3333,6,6.9,814939.9998,937180.9998,814.9399998,937.1809998,1676.477585,1927.949223,251.4716378,5108.471638,2.057179161,107,4857,2361,403,534,1081,2018,651,656,"list(list(c(-104.959393, -104.956583, -104.950828, -104.940924, -104.940748, -104.94068, -104.94068, -104.945362, -104.945822, -104.948509, -104.950194, -104.950744, -104.959379, -104.959385, -104.959393, 39.678425, 39.678472, 39.678424, 39.678378, 39.678414, 39.668329, 39.66756, 39.667564, 39.667565, 39.66694, 39.667253, 39.667531, 39.667594, 39.673028, 39.678425)))"
,8031004006,,,,2249268.5,3088673.75,2249.2685,3088.67375,4627.148286,6353.955274,1726.806988,16297.80699,2.057179161,107,4857,2361,403,534,1081,2018,651,656,"list(list(c(-104.959393, -104.956583, -104.950828, -104.940924, -104.940748, -104.94068, -104.94068, -104.945362, -104.945822, -104.948509, -104.950194, -104.950744, -104.959379, -104.959385, -104.959393, 39.678425, 39.678472, 39.678424, 39.678378, 39.678414, 39.668329, 39.66756, 39.667564, 39.667565, 39.66694, 39.667253, 39.667531, 39.667594, 39.673028, 39.678425)))"
2.5,8031004101,"634,920",0.94,1.41,596824.8,895237.2,596.8248,895.2372,1278.035001,1917.052502,639.0175005,5228.017501,2.141390574,289,4589,2143,591,921,561,2073,897,612,"list(list(c(-104.940507, -104.940483, -104.940487, -104.940506, -104.940323, -104.939882, -104.927034, -104.927002, -104.922274, -104.922289, -104.922306, -104.922291, -104.931853, -104.940495, -104.940507, 39.765654, 39.768099, 39.772886, 39.779951, 39.789103, 39.790994, 39.791054, 39.783778, 39.783776, 39.769236, 39.765611, 39.762006, 39.761999, 39.76196, 39.765654)))"
3,8031004301,"239,914",1.5,2.25,359871,539806.5,359.871,539.8065,537.376367,806.0645505,268.6881835,5354.688183,1.493247211,514,5086,3406,757,1220,1013,2990,1629,952,"list(list(c(-104.940608, -104.940602, -104.940615, -104.940593, -104.940593, -104.932087, -104.931534, -104.930379, -104.930381, -104.930412, -104.930459, -104.930452, -104.930521, -104.940615, -104.940608, 39.729226, 39.732076, 39.734689, 39.736683, 39.740128, 39.740133, 39.740135, 39.740134, 39.73649, 39.732865, 39.732563, 39.729238, 39.725615, 39.725598, 39.729226)))"
5,8031004301,"1,034,642",2.5,3.75,2586605,3879907.5,2586.605,3879.9075,3862.440702,5793.661053,1931.220351,7017.220351,1.493247211,514,5086,3406,757,1220,1013,2990,1629,952,"list(list(c(-104.940608, -104.940602, -104.940615, -104.940593, -104.940593, -104.932087, -104.931534, -104.930379, -104.930381, -104.930412, -104.930459, -104.930452, -104.930521, -104.940615, -104.940608, 39.729226, 39.732076, 39.734689, 39.736683, 39.740128, 39.740133, 39.740135, 39.740134, 39.73649, 39.732865, 39.732563, 39.729238, 39.725615, 39.725598, 39.729226)))"
8,8031004301,19350,4,5,77400,96750,77.4,96.75,115.5773341,144.4716676,28.89433353,5114.894334,1.493247211,514,5086,3406,757,1220,1013,2990,1629,952,"list(list(c(-104.940608, -104.940602, -104.940615, -104.940593, -104.940593, -104.932087, -104.931534, -104.930379, -104.930381, -104.930412, -104.930459, -104.930452, -104.930521, -104.940615, -104.940608, 39.729226, 39.732076, 39.734689, 39.736683, 39.740128, 39.740133, 39.740135, 39.740134, 39.73649, 39.732865, 39.732563, 39.729238, 39.725615, 39.725598, 39.729226)))"
12,8031004301,"427,688",6,6.9,2566128,2951047.2,2566.128,2951.0472,3831.863479,4406.643,574.7795218,5660.779522,1.493247211,514,5086,3406,757,1220,1013,2990,1629,952,"list(list(c(-104.940608, -104.940602, -104.940615, -104.940593, -104.940593, -104.932087, -104.931534, -104.930379, -104.930381, -104.930412, -104.930459, -104.930452, -104.930521, -104.940615, -104.940608, 39.729226, 39.732076, 39.734689, 39.736683, 39.740128, 39.740133, 39.740135, 39.740134, 39.73649, 39.732865, 39.732563, 39.729238, 39.725615, 39.725598, 39.729226)))"
20,8031004301,208390,10,10.5,2083900,2188095,2083.9,2188.095,3111.777863,3267.366756,155.5888931,5241.588893,1.493247211,514,5086,3406,757,1220,1013,2990,1629,952,"list(list(c(-104.940608, -104.940602, -104.940615, -104.940593, -104.940593, -104.932087, -104.931534, -104.930379, -104.930381, -104.930412, -104.930459, -104.930452, -104.930521, -104.940615, -104.940608, 39.729226, 39.732076, 39.734689, 39.736683, 39.740128, 39.740133, 39.740135, 39.740134, 39.73649, 39.732865, 39.732563, 39.729238, 39.725615, 39.725598, 39.729226)))"
,8031004301,,,,7673904,9655606.2,7673.904,9655.6062,11459.03574,14418.20703,2959.171283,28389.17128,1.493247211,514,5086,3406,757,1220,1013,2990,1629,952,"list(list(c(-104.940608, -104.940602, -104.940615, -104.940593, -104.940593, -104.932087, -104.931534, -104.930379, -104.930381, -104.930412, -104.930459, -104.930452, -104.930521, -104.940615, -104.940608, 39.729226, 39.732076, 39.734689, 39.736683, 39.740128, 39.740133, 39.740135, 39.740134, 39.73649, 39.732865, 39.732563, 39.729238, 39.725615, 39.725598, 39.729226)))"
2.5,8031004302,1967822,0.94,1.41,1849752.68,2774629.02,1849.75268,2774.62902,3753.080514,5629.620771,1876.540257,4538.540257,2.028963415,81,2662,1312,101,346,785,1232,435,458,"list(list(c(-104.930452, -104.930459, -104.930412, -104.930381, -104.930379, -104.922321, -104.922334, -104.92233, -104.922808, -104.922799, -104.930521, -104.930452, 39.729238, 39.732563, 39.732865, 39.73649, 39.740134, 39.740142, 39.736679, 39.733652, 39.729255, 39.725631, 39.725615, 39.729238)))"
3,8031004302,153201,1.5,2.25,229801.5,344702.25,229.8015,344.70225,466.2588361,699.3882542,233.1294181,2895.129418,2.028963415,81,2662,1312,101,346,785,1232,435,458,"list(list(c(-104.930452, -104.930459, -104.930412, -104.930381, -104.930379, -104.922321, -104.922334, -104.92233, -104.922808, -104.922799, -104.930521, -104.930452, 39.729238, 39.732563, 39.732865, 39.73649, 39.740134, 39.740142, 39.736679, 39.733652, 39.729255, 39.725631, 39.725615, 39.729238)))"
,8031004302,,,,2079554.18,3119331.27,2079.55418,3119.33127,4219.33935,6329.009025,2109.669675,7433.669675,2.028963415,81,2662,1312,101,346,785,1232,435,458,"list(list(c(-104.930452, -104.930459, -104.930412, -104.930381, -104.930379, -104.922321, -104.922334, -104.92233, -104.922808, -104.922799, -104.930521, -104.930452, 39.729238, 39.732563, 39.732865, 39.73649, 39.740134, 39.740142, 39.736679, 39.733652, 39.729255, 39.725631, 39.725615, 39.729238)))"
2.5,8031004303,16730.5,0.94,1.41,15726.67,23590.005,15.72667,23.590005,39.44820032,59.17230047,19.72410016,4218.7241,2.508363202,10,4199,1674,87,241,1254,1582,330,558,"list(list(c(-104.940645, -104.940628, -104.940635, -104.940632, -104.940615, -104.930521, -104.922799, -104.92278, -104.922262, -104.922263, -104.922286, -104.930497, -104.931648, -104.940687, -104.940645, 39.711564, 39.717792, 39.718352, 39.720942, 39.725598, 39.725615, 39.725631, 39.721933, 39.717896, 39.717838, 39.711339, 39.711343, 39.711098, 39.711221, 39.711564)))"
2.5,8031004304,1144832,0.94,1.41,1076142.08,1614213.12,1076.14208,1614.21312,2123.059263,3184.588895,1061.529632,6800.529632,1.972842901,33,5739,2909,162,889,1772,2823,1231,769,"list(list(c(-104.922808, -104.92233, -104.922334, -104.922321, -104.912803, -104.903455, -104.903457, -104.903458, -104.903458, -104.903407, -104.912794, -104.922799, -104.922808, 39.729255, 39.733652, 39.736679, 39.740142, 39.740153, 39.740145, 39.737269, 39.735625, 39.732894, 39.725641, 39.725638, 39.725631, 39.729255)))"
5,8031004304,275452,2.5,3.75,688630,1032945,688.63,1032.945,1358.558807,2037.838211,679.2794036,6418.279404,1.972842901,33,5739,2909,162,889,1772,2823,1231,769,"list(list(c(-104.922808, -104.92233, -104.922334, -104.922321, -104.912803, -104.903455, -104.903457, -104.903458, -104.903458, -104.903407, -104.912794, -104.922799, -104.922808, 39.729255, 39.733652, 39.736679, 39.740142, 39.740153, 39.740145, 39.737269, 39.735625, 39.732894, 39.725641, 39.725638, 39.725631, 39.729255)))"
,8031004304,,,,1764772.08,2647158.12,1764.77208,2647.15812,3481.618071,5222.427106,1740.809035,13218.80904,1.972842901,33,5739,2909,162,889,1772,2823,1231,769,"list(list(c(-104.922808, -104.92233, -104.922334, -104.922321, -104.912803, -104.903455, -104.903457, -104.903458, -104.903458, -104.903407, -104.912794, -104.922799, -104.922808, 39.729255, 39.733652, 39.736679, 39.740142, 39.740153, 39.740145, 39.737269, 39.735625, 39.732894, 39.725641, 39.725638, 39.725631, 39.729255)))"
2.5,8031004306,16730.5,0.94,1.41,15726.67,23590.005,15.72667,23.590005,34.37788085,51.56682127,17.18894042,5342.18894,2.185960591,93,5325,2436,225,649,1435,2309,809,792,"list(list(c(-104.922799, -104.912794, -104.903407, -104.903494, -104.903534, -104.903705, -104.903454, -104.903494, -104.906471, -104.910094, -104.912782, -104.917647, -104.922286, -104.922263, -104.922262, -104.92278, -104.922799, 39.725631, 39.725638, 39.725641, 39.725253, 39.722384, 39.717058, 39.713323, 39.711281, 39.711394, 39.711382, 39.711382, 39.711385, 39.711339, 39.717838, 39.717896, 39.721933, 39.725631)))"
3,8031004306,233278,1.5,2.25,349917,524875.5,349.917,524.8755,764.9047722,1147.357158,382.4523861,5707.452386,2.185960591,93,5325,2436,225,649,1435,2309,809,792,"list(list(c(-104.922799, -104.912794, -104.903407, -104.903494, -104.903534, -104.903705, -104.903454, -104.903494, -104.906471, -104.910094, -104.912782, -104.917647, -104.922286, -104.922263, -104.922262, -104.92278, -104.922799, 39.725631, 39.725638, 39.725641, 39.725253, 39.722384, 39.717058, 39.713323, 39.711281, 39.711394, 39.711382, 39.711382, 39.711385, 39.711339, 39.717838, 39.717896, 39.721933, 39.725631)))"
5,8031004306,83247,2.5,3.75,208117.5,312176.25,208.1175,312.17625,454.9366533,682.40498,227.4683267,5552.468327,2.185960591,93,5325,2436,225,649,1435,2309,809,792,"list(list(c(-104.922799, -104.912794, -104.903407, -104.903494, -104.903534, -104.903705, -104.903454, -104.903494, -104.906471, -104.910094, -104.912782, -104.917647, -104.922286, -104.922263, -104.922262, -104.92278, -104.922799, 39.725631, 39.725638, 39.725641, 39.725253, 39.722384, 39.717058, 39.713323, 39.711281, 39.711394, 39.711382, 39.711382, 39.711385, 39.711339, 39.717838, 39.717896, 39.721933, 39.725631)))"
,8031004306,,,,573761.17,860641.755,573.76117,860.641755,1254.219306,1881.32896,627.1096532,16602.10965,2.185960591,93,5325,2436,225,649,1435,2309,809,792,"list(list(c(-104.922799, -104.912794, -104.903407, -104.903494, -104.903534, -104.903705, -104.903454, -104.903494, -104.906471, -104.910094, -104.912782, -104.917647, -104.922286, -104.922263, -104.922262, -104.92278, -104.922799, 39.725631, 39.725638, 39.725641, 39.725253, 39.722384, 39.717058, 39.713323, 39.711281, 39.711394, 39.711382, 39.711382, 39.711385, 39.711339, 39.717838, 39.717896, 39.721933, 39.725631)))"
3,8031004404,"277,225",1.5,2.25,415837.5,623756.25,415.8375,623.75625,1014.673798,1522.010697,507.3368989,7205.336899,2.44007286,235,6698,2745,657,1098,731,2486,769,803,"list(list(c(-104.903458, -104.903457, -104.903455, -104.89403, -104.884646, -104.884659, -104.88468, -104.884708, -104.891337, -104.903458, -104.903458, 39.735625, 39.737269, 39.740145, 39.740153, 39.740156, 39.737274, 39.735625, 39.732846, 39.732854, 39.732894, 39.735625)))"
5,8031004404,460828,2.5,3.75,1152070,1728105,1152.07,1728.105,2811.13474,4216.702109,1405.56737,8103.56737,2.44007286,235,6698,2745,657,1098,731,2486,769,803,"list(list(c(-104.903458, -104.903457, -104.903455, -104.89403, -104.884646, -104.884659, -104.88468, -104.884708, -104.891337, -104.903458, -104.903458, 39.735625, 39.737269, 39.740145, 39.740153, 39.740156, 39.737274, 39.735625, 39.732846, 39.732854, 39.732894, 39.735625)))"
,8031004404,,,,1567907.5,2351861.25,1567.9075,2351.86125,3825.808537,5738.712806,1912.904269,15308.90427,2.44007286,235,6698,2745,657,1098,731,2486,769,803,"list(list(c(-104.903458, -104.903457, -104.903455, -104.89403, -104.884646, -104.884659, -104.88468, -104.884708, -104.891337, -104.903458, -104.903458, 39.735625, 39.737269, 39.740145, 39.740153, 39.740156, 39.737274, 39.735625, 39.732846, 39.732854, 39.732894, 39.735625)))"
3,8031004405,170337,1.5,2.25,255505.5,383258.25,255.5055,383.25825,547.6163725,821.4245587,273.8081862,9249.808186,2.143266476,516,8976,4188,501,1204,2294,3999,1497,1123,"list(list(c(-104.903534, -104.903494, -104.903407, -104.903458, -104.891337, -104.884708, -104.884933, -104.886613, -104.881934, -104.879735, -104.87533, -104.87534, -104.87534, -104.874947, -104.87432, -104.870831, -104.870653, -104.875373, -104.879022, -104.884017, -104.885315, -104.892062, -104.892914, -104.903494, -104.903454, -104.903705, -104.903534, 39.722384, 39.725253, 39.725641, 39.732894, 39.732854, 39.732846, 39.730442, 39.729219, 39.72496, 39.725623, 39.725576, 39.720134, 39.719711, 
39.71845, 39.718201, 39.718176, 39.710169, 39.709029, 39.708157, 39.707029, 39.707172, 39.711143, 39.711307, 39.711281, 39.713323, 39.717058, 39.722384)))"
5,8031004405,526135,2.5,3.75,1315337.5,1973006.25,1315.3375,1973.00625,2819.118768,4228.678152,1409.559384,10385.55938,2.143266476,516,8976,4188,501,1204,2294,3999,1497,1123,"list(list(c(-104.903534, -104.903494, -104.903407, -104.903458, -104.891337, -104.884708, -104.884933, -104.886613, -104.881934, -104.879735, -104.87533, -104.87534, -104.87534, -104.874947, -104.87432, -104.870831, -104.870653, -104.875373, -104.879022, -104.884017, -104.885315, -104.892062, -104.892914, -104.903494, -104.903454, -104.903705, -104.903534, 39.722384, 39.725253, 39.725641, 39.732894, 39.732854, 39.732846, 39.730442, 39.729219, 39.72496, 39.725623, 39.725576, 39.720134, 39.719711, 
39.71845, 39.718201, 39.718176, 39.710169, 39.709029, 39.708157, 39.707029, 39.707172, 39.711143, 39.711307, 39.711281, 39.713323, 39.717058, 39.722384)))"
,8031004405,,,,1570843,2356264.5,1570.843,2356.2645,3366.73514,5050.102711,1683.36757,19635.36757,2.143266476,516,8976,4188,501,1204,2294,3999,1497,1123,"list(list(c(-104.903534, -104.903494, -104.903407, -104.903458, -104.891337, -104.884708, -104.884933, -104.886613, -104.881934, -104.879735, -104.87533, -104.87534, -104.87534, -104.874947, -104.87432, -104.870831, -104.870653, -104.875373, -104.879022, -104.884017, -104.885315, -104.892062, -104.892914, -104.903494, -104.903454, -104.903705, -104.903534, 39.722384, 39.725253, 39.725641, 39.732894, 39.732854, 39.732846, 39.730442, 39.729219, 39.72496, 39.725623, 39.725576, 39.720134, 39.719711, 
39.71845, 39.718201, 39.718176, 39.710169, 39.709029, 39.708157, 39.707029, 39.707172, 39.711143, 39.711307, 39.711281, 39.713323, 39.717058, 39.722384)))"
3,8031004602,"1,069,168",1.5,2.25,1603752,2405628,1603.752,2405.628,4952.139148,7428.208722,2476.069574,10174.06957,3.087845969,229,7698,2493,600,1159,662,2421,641,620,"list(list(c(-105.039055, -105.03905, -105.035073, -105.032074, -105.025059, -105.025064, -105.025057, -105.025053, -105.024837, -105.025044, -105.025038, -105.029789, -105.038276, -105.038347, -105.039065, -105.039055, 39.689465, 39.696758, 39.697234, 39.696731, 39.696746, 39.693108, 39.689485, 39.686679, 39.685885, 39.684971, 39.68227, 39.682239, 39.682213, 39.6827, 39.684389, 39.689465)))"
3,8031004700,"607,555",1.5,2.25,911332.5,1366998.75,911.3325,1366.99875,2747.696026,4121.544039,1373.848013,8594.848013,3.015031315,150,7221,2395,405,919,1000,2324,486,670,"list(list(c(-105.06262, -105.061005, -105.060335, -105.057794, -105.057797, -105.057265, -105.053221, -105.044264, -105.038276, -105.038316, -105.038578, -105.038653, -105.038686, -105.041751, -105.053256, -105.053261, -105.053234, -105.053251, -105.062622, -105.06262, 39.67928, 39.678041, 39.677954, 39.678697, 39.682272, 39.682272, 39.682291, 39.682237, 39.682213, 39.679188, 39.677799, 39.672317, 39.667701, 39.667718, 39.667785, 39.67328, 39.674299, 39.675037, 39.675008, 39.67928)))"
3,8031005001,77657,1.5,2.25,116485.5,174728.25,116.4855,174.72825,276.0310279,414.0465418,138.0155139,2856.015514,2.369659983,59,2718,1147,140,421,506,1067,298,432,"list(list(c(-104.922286, -104.917647, -104.912782, -104.912794, -104.912763, -104.91289, -104.912889, -104.912889, -104.912889, -104.913979, -104.922088, -104.921892, -104.921625, -104.921642, -104.922232, -104.922286, 39.711339, 39.711385, 39.711382, 39.703805, 39.702834, 39.695308, 39.69174, 39.691429, 39.69093, 39.691723, 39.696252, 39.696623, 39.697582, 39.703863, 39.705858, 39.711339)))"
3,8031005002,143466,1.5,2.25,215199,322798.5,215.199,322.7985,471.4830416,707.2245624,235.7415208,8291.741521,2.190916508,548,8056,3677,880,1456,1121,3457,1179,1073,"list(list(c(-104.91289, -104.912763, -104.912794, -104.912782, -104.910094, -104.906471, -104.903494, -104.903544, -104.903507, -104.900115, -104.90351, -104.903512, -104.903538, -104.903431, -104.904692, -104.908423, -104.911466, -104.912889, -104.912889, -104.912889, -104.91289, 39.695308, 39.702834, 39.703805, 39.711382, 39.711382, 39.711394, 39.711281, 39.698535, 39.696622, 39.692985, 39.692581, 39.689354, 39.687376, 39.685456, 39.68604, 39.688208, 39.69027, 39.69093, 39.691429, 39.69174, 39.695308
)))"
3,8031005102,288326,1.5,2.25,432489,648733.5,432.489,648.7335,928.5715625,1392.857344,464.2857813,3983.285781,2.147040879,17,3519,1639,198,439,876,1513,462,581,"list(list(c(-104.931735, -104.927864, -104.924154, -104.923757, -104.922252, -104.922324, -104.92234, -104.922319, -104.922234, -104.922266, -104.931616, -104.931676, -104.931685, -104.931697, -104.931724, -104.931735, 39.696601, 39.696654, 39.696739, 39.696804, 39.6959, 39.69299, 39.689361, 39.686159, 39.682091, 39.67847, 39.678462, 39.684273, 39.68571, 39.689341, 39.692973, 39.696601)))"
3,8031005300,353252,1.5,2.25,529878,794817,529.878,794.817,978.1876683,1467.281502,489.0938341,2036.093834,1.846062053,195,1547,838,176,315,279,770,395,230,"list(list(c(-104.940748, -104.94042, -104.936416, -104.933977, -104.93076, -104.927832, -104.926795, -104.926368, -104.926275, -104.930436, -104.929542, -104.927037, -104.927935, -104.930332, -104.931641, -104.934218, -104.934183, -104.932905, -104.931695, -104.931622, -104.936789, -104.938145, -104.94068, -104.940748, 39.678414, 39.682897, 39.681015, 39.678445, 39.674779, 39.670574, 39.668581, 39.667591, 39.667471, 39.667471, 39.669381, 39.66899, 39.67033, 39.672981, 39.673374, 39.673388, 39.671093, 
39.670799, 39.670564, 39.667473, 39.667548, 39.668072, 39.668329, 39.678414)))"
5,8031005300,115165,2.5,3.75,287912.5,431868.75,287.9125,431.86875,531.5043407,797.256511,265.7521703,1812.75217,1.846062053,195,1547,838,176,315,279,770,395,230,"list(list(c(-104.940748, -104.94042, -104.936416, -104.933977, -104.93076, -104.927832, -104.926795, -104.926368, -104.926275, -104.930436, -104.929542, -104.927037, -104.927935, -104.930332, -104.931641, -104.934218, -104.934183, -104.932905, -104.931695, -104.931622, -104.936789, -104.938145, -104.94068, -104.940748, 39.678414, 39.682897, 39.681015, 39.678445, 39.674779, 39.670574, 39.668581, 39.667591, 39.667471, 39.667471, 39.669381, 39.66899, 39.67033, 39.672981, 39.673374, 39.673388, 39.671093, 
39.670799, 39.670564, 39.667473, 39.667548, 39.668072, 39.668329, 39.678414)))"
8,8031005300,310165,4,5,1240660,1550825,1240.66,1550.825,2290.335346,2862.919183,572.5838365,2119.583837,1.846062053,195,1547,838,176,315,279,770,395,230,"list(list(c(-104.940748, -104.94042, -104.936416, -104.933977, -104.93076, -104.927832, -104.926795, -104.926368, -104.926275, -104.930436, -104.929542, -104.927037, -104.927935, -104.930332, -104.931641, -104.934218, -104.934183, -104.932905, -104.931695, -104.931622, -104.936789, -104.938145, -104.94068, -104.940748, 39.678414, 39.682897, 39.681015, 39.678445, 39.674779, 39.670574, 39.668581, 39.667591, 39.667471, 39.667471, 39.669381, 39.66899, 39.67033, 39.672981, 39.673374, 39.673388, 39.671093, 
39.670799, 39.670564, 39.667473, 39.667548, 39.668072, 39.668329, 39.678414)))"
,8031005300,,,,2058450.5,2777510.75,2058.4505,2777.51075,3800.027355,5127.457196,1327.429841,5968.429841,1.846062053,195,1547,838,176,315,279,770,395,230,"list(list(c(-104.940748, -104.94042, -104.936416, -104.933977, -104.93076, -104.927832, -104.926795, -104.926368, -104.926275, -104.930436, -104.929542, -104.927037, -104.927935, -104.930332, -104.931641, -104.934218, -104.934183, -104.932905, -104.931695, -104.931622, -104.936789, -104.938145, -104.94068, -104.940748, 39.678414, 39.682897, 39.681015, 39.678445, 39.674779, 39.670574, 39.668581, 39.667591, 39.667471, 39.667471, 39.669381, 39.66899, 39.67033, 39.672981, 39.673374, 39.673388, 39.671093, 
39.670799, 39.670564, 39.667473, 39.667548, 39.668072, 39.668329, 39.678414)))"
3,8031005503,159471,1.5,2.25,239206.5,358809.75,239.2065,358.80975,641.7579618,962.6369427,320.8789809,5345.878981,2.682861719,174,5025,1873,303,496,1015,1814,395,839,"list(list(c(-105.053294, -105.053342, -105.053273, -105.04917, -105.045304, -105.044909, -105.034707, -105.034739, -105.034752, -105.030057, -105.029563, -105.02536, -105.025369, -105.027608, -105.029127, -105.034821, -105.034822, -105.036802, -105.038005, -105.041839, -105.042314, -105.044048, -105.044339, -105.0457, -105.053411, -105.053294, 39.634902, 39.63877, 39.639768, 39.638674, 39.638638, 39.638595, 39.638593, 39.635089, 39.63359, 39.633492, 39.632355, 39.631445, 39.628598, 39.62824, 39.627838, 
39.628098, 39.627809, 39.628129, 39.626836, 39.627887, 39.628194, 39.628016, 39.631587, 39.631587, 39.631586, 39.634902)))"
3,8031006809,96506,1.5,2.25,144759,217138.5,144.759,217.1385,303.6085507,455.412826,151.8042753,7951.804275,2.097337994,162,7800,3719,435,1465,1777,3677,1392,1458,"list(list(c(-104.91293, -104.909095, -104.900801, -104.899796, -104.898103, -104.894185, -104.89445, -104.894011, -104.893837, -104.892917, -104.901537, -104.901898, -104.905889, -104.907082, -104.910095, -104.911183, -104.918448, -104.91293, 39.653089, 39.6531, 39.65311, 39.651087, 39.649007, 39.643304, 39.641835, 39.638678, 39.638249, 39.635678, 39.634659, 39.635411, 39.633953, 39.634296, 39.638688, 39.640324, 39.653079, 39.653089)))"
12,8031006809,94526,6,6.9,567156,652229.4,567.156,652.2294,1189.517827,1367.945501,178.4276741,7978.427674,2.097337994,162,7800,3719,435,1465,1777,3677,1392,1458,"list(list(c(-104.91293, -104.909095, -104.900801, -104.899796, -104.898103, -104.894185, -104.89445, -104.894011, -104.893837, -104.892917, -104.901537, -104.901898, -104.905889, -104.907082, -104.910095, -104.911183, -104.918448, -104.91293, 39.653089, 39.6531, 39.65311, 39.651087, 39.649007, 39.643304, 39.641835, 39.638678, 39.638249, 39.635678, 39.634659, 39.635411, 39.633953, 39.634296, 39.638688, 39.640324, 39.653079, 39.653089)))"
,8031006809,,,,711915,869367.9,711.915,869.3679,1493.126378,1823.358328,330.2319494,15930.23195,2.097337994,162,7800,3719,435,1465,1777,3677,1392,1458,"list(list(c(-104.91293, -104.909095, -104.900801, -104.899796, -104.898103, -104.894185, -104.89445, -104.894011, -104.893837, -104.892917, -104.901537, -104.901898, -104.905889, -104.907082, -104.910095, -104.911183, -104.918448, -104.91293, 39.653089, 39.6531, 39.65311, 39.651087, 39.649007, 39.643304, 39.641835, 39.638678, 39.638249, 39.635678, 39.634659, 39.635411, 39.633953, 39.634296, 39.638688, 39.640324, 39.653079, 39.653089)))"
3,8031006811,339747,1.5,2.25,509620.5,764430.75,509.6205,764.43075,979.2973642,1468.946046,489.6486821,6986.648682,1.921620822,338,6497,3381,570,1174,1366,3110,1261,1116,"list(list(c(-104.903509, -104.898817, -104.893941, -104.890824, -104.890764, -104.890188, -104.887116, -104.885111, -104.884715, -104.884691, -104.884696, -104.884785, -104.898759, -104.900801, -104.902467, -104.903555, -104.904112, -104.902787, -104.904757, -104.903509, 39.667624, 39.667626, 39.667589, 39.664903, 39.664956, 39.664393, 39.661925, 39.660301, 39.659892, 39.657912, 39.657235, 39.653068, 39.653113, 39.65311, 39.656817, 39.657671, 39.659972, 39.664953, 39.667634, 39.667624)))"
12,8031006811,538012,6,6.9,3228072,3712282.8,3228.072,3712.2828,6203.130371,7133.599927,930.4695556,7427.469556,1.921620822,338,6497,3381,570,1174,1366,3110,1261,1116,"list(list(c(-104.903509, -104.898817, -104.893941, -104.890824, -104.890764, -104.890188, -104.887116, -104.885111, -104.884715, -104.884691, -104.884696, -104.884785, -104.898759, -104.900801, -104.902467, -104.903555, -104.904112, -104.902787, -104.904757, -104.903509, 39.667624, 39.667626, 39.667589, 39.664903, 39.664956, 39.664393, 39.661925, 39.660301, 39.659892, 39.657912, 39.657235, 39.653068, 39.653113, 39.65311, 39.656817, 39.657671, 39.659972, 39.664953, 39.667634, 39.667624)))"
,8031006811,,,,3737692.5,4476713.55,3737.6925,4476.71355,7182.427735,8602.545973,1420.118238,14414.11824,1.921620822,338,6497,3381,570,1174,1366,3110,1261,1116,"list(list(c(-104.903509, -104.898817, -104.893941, -104.890824, -104.890764, -104.890188, -104.887116, -104.885111, -104.884715, -104.884691, -104.884696, -104.884785, -104.898759, -104.900801, -104.902467, -104.903555, -104.904112, -104.902787, -104.904757, -104.903509, 39.667624, 39.667626, 39.667589, 39.664903, 39.664956, 39.664393, 39.661925, 39.660301, 39.659892, 39.657912, 39.657235, 39.653068, 39.653113, 39.65311, 39.656817, 39.657671, 39.659972, 39.664953, 39.667634, 39.667624)))"
3,8031006812,230360,1.5,2.25,345540,518310,345.54,518.31,609.0068158,913.5102238,304.5034079,4400.503408,1.762478485,123,4096,2324,404,741,1054,2199,1051,841,"list(list(c(-104.925662, -104.92266, -104.920675, -104.92084, -104.920579, -104.922221, -104.92224, -104.921016, -104.918875, -104.915898, -104.916572, -104.912985, -104.91297, -104.915939, -104.916378, -104.912874, -104.906177, -104.904757, -104.902787, -104.904112, -104.903555, -104.902467, -104.900801, -104.909095, -104.91293, -104.918448, -104.923765, -104.925662, 39.667486, 39.667578, 39.668244, 39.667585, 39.666935, 39.666947, 39.66376, 39.660338, 39.660338, 39.658508, 39.656119, 39.656541, 
39.663133, 39.663471, 39.667585, 39.667631, 39.667642, 39.667634, 39.664953, 39.659972, 39.657671, 39.656817, 39.65311, 39.6531, 39.653089, 39.653079, 39.66461, 39.667486)))"
3,8031006813,352756,1.5,2.25,529134,793701,529.134,793.701,879.0914327,1318.637149,439.5457163,4732.545716,1.661377709,372,4293,2584,389,1414,613,2416,1299,746,"list(list(c(-104.879277, -104.876233, -104.875832, -104.878233, -104.87531, -104.875291, -104.871874, -104.870882, -104.868216, -104.866051, -104.866174, -104.866334, -104.86637, -104.867425, -104.86886, -104.870101, -104.874387, -104.878752, -104.879277, 39.663891, 39.663987, 39.669787, 39.672787, 39.672784, 39.674766, 39.674744, 39.674764, 39.672621, 39.670847, 39.667515, 39.660309, 39.659355, 39.659996, 39.66217, 39.662842, 39.663837, 39.66327, 39.663891)))"
5,8031006813,533992,2.5,3.75,1334980,2002470,1334.98,2002.47,2217.906014,3326.859021,1108.953007,5401.953007,1.661377709,372,4293,2584,389,1414,613,2416,1299,746,"list(list(c(-104.879277, -104.876233, -104.875832, -104.878233, -104.87531, -104.875291, -104.871874, -104.870882, -104.868216, -104.866051, -104.866174, -104.866334, -104.86637, -104.867425, -104.86886, -104.870101, -104.874387, -104.878752, -104.879277, 39.663891, 39.663987, 39.669787, 39.672787, 39.672784, 39.674766, 39.674744, 39.674764, 39.672621, 39.670847, 39.667515, 39.660309, 39.659355, 39.659996, 39.66217, 39.662842, 39.663837, 39.66327, 39.663891)))"
8,8031006813,544746,4,5,2178984,2723730,2178.984,2723.73,3620.115446,4525.144307,905.0288615,5198.028861,1.661377709,372,4293,2584,389,1414,613,2416,1299,746,"list(list(c(-104.879277, -104.876233, -104.875832, -104.878233, -104.87531, -104.875291, -104.871874, -104.870882, -104.868216, -104.866051, -104.866174, -104.866334, -104.86637, -104.867425, -104.86886, -104.870101, -104.874387, -104.878752, -104.879277, 39.663891, 39.663987, 39.669787, 39.672787, 39.672784, 39.674766, 39.674744, 39.674764, 39.672621, 39.670847, 39.667515, 39.660309, 39.659355, 39.659996, 39.66217, 39.662842, 39.663837, 39.66327, 39.663891)))"
,8031006813,,,,4043098,5519901,4043.098,5519.901,6717.112892,9170.640477,2453.527585,15332.52758,1.661377709,372,4293,2584,389,1414,613,2416,1299,746,"list(list(c(-104.879277, -104.876233, -104.875832, -104.878233, -104.87531, -104.875291, -104.871874, -104.870882, -104.868216, -104.866051, -104.866174, -104.866334, -104.86637, -104.867425, -104.86886, -104.870101, -104.874387, -104.878752, -104.879277, 39.663891, 39.663987, 39.669787, 39.672787, 39.672784, 39.674766, 39.674744, 39.674764, 39.672621, 39.670847, 39.667515, 39.660309, 39.659355, 39.659996, 39.66217, 39.662842, 39.663837, 39.66327, 39.663891)))"
3,8031006901,"905,744",1.5,2.25,1358616,2037924,1358.616,2037.924,2647.710847,3971.56627,1323.855423,7150.855423,1.948829431,339,5827,2990,577,1278,874,2729,1266,861,"list(list(c(-104.933676, -104.931616, -104.922266, -104.912811, -104.906253, -104.905631, -104.903579, -104.90352, -104.903522, -104.903509, -104.904757, -104.906177, -104.912874, -104.916378, -104.917544, -104.917559, -104.921047, -104.922253, -104.924759, -104.925746, -104.925725, -104.930242, -104.926429, -104.92266, -104.925662, -104.926275, -104.926368, -104.926795, -104.927832, -104.93076, -104.933977, -104.933676, 39.678452, 39.678462, 39.67847, 39.678461, 39.678442, 39.678314, 39.676675, 
39.674456, 39.671225, 39.667624, 39.667634, 39.667642, 39.667631, 39.667585, 39.66758, 39.672983, 39.674836, 39.675616, 39.676153, 39.676641, 39.675281, 39.674832, 39.669394, 39.667578, 39.667486, 39.667471, 39.667591, 39.668581, 39.670574, 39.674779, 39.678445, 39.678452)))"
3,8031007088,98653,1.5,2.25,147979.5,221969.25,147.9795,221.96925,272.9966638,409.4949957,136.4983319,5058.498332,1.844827586,353,4922,2668,469,971,1075,2515,1154,881,"list(list(c(-104.903494, -104.892914, -104.89232, -104.890371, -104.89006, -104.886001, -104.881711, -104.879786, -104.875628, -104.875336, -104.875316, -104.877698, -104.877611, -104.882313, -104.884057, -104.885773, -104.891715, -104.893402, -104.894225, -104.897402, -104.898806, -104.899285, -104.903544, -104.903494, 39.711281, 39.711307, 39.707425, 39.705676, 39.704625, 39.702838, 39.701844, 39.700261, 39.700143, 39.700148, 39.697996, 39.697988, 39.696506, 39.696573, 39.696491, 39.696523, 39.69659, 
39.695695, 39.696597, 39.69627, 39.695091, 39.696976, 39.698535, 39.711281)))"
3,8031008306,212932,1.5,2.25,319398,479097,319.398,479.097,1156.008471,1734.012707,578.0042356,7766.004236,3.619335347,251,7188,1986,287,1007,627,1921,340,407,"list(list(c(-104.847087, -104.84378, -104.84019, -104.83632, -104.835584, -104.834468, -104.828184, -104.831204, -104.832413, -104.838472, -104.839796, -104.841626, -104.842927, -104.84701, -104.847049, -104.847087, 39.789276, 39.789291, 39.78932, 39.790963, 39.791055, 39.791131, 39.788695, 39.784332, 39.782677, 39.780511, 39.77932, 39.780529, 39.781296, 39.782386, 39.786407, 39.789276)))"
3,8031008388,1126795,1.5,2.25,1690192.5,2535288.75,1690.1925,2535.28875,4652.470409,6978.705613,2326.235204,13064.2352,2.752627531,60,10738,3901,199,2054,1481,3734,1074,1039,"list(list(c(-104.809902, -104.809797, -104.809722, -104.80969, -104.790895, -104.78863, -104.772117, -104.772114, -104.772147, -104.772157, -104.781818, -104.781727, -104.809879, -104.809898, -104.809902, 39.776759, 39.783754, 39.79479, 39.798317, 39.798251, 39.798397, 39.79839, 39.783624, 39.777991, 39.776409, 39.776485, 39.773387, 39.773187, 39.775047, 39.776759)))"
3,8031011902,260879,1.5,2.25,391318.5,586977.75,391.3185,586.97775,815.7707284,1223.656093,407.8853642,6636.885364,2.084672021,272,6229,2988,356,1336,1128,2820,1061,1013,"list(list(c(-105.071756, -105.070092, -105.067291, -105.067289, -105.067297, -105.06011, -105.053256, -105.053242, -105.053216, -105.053189, -105.053076, -105.057122, -105.05715, -105.058227, -105.062053, -105.063926, -105.071029, -105.07094, -105.067026, -105.067283, -105.067288, -105.070144, -105.070016, -105.071972, -105.071756, 39.660679, 39.663569, 39.663317, 39.664173, 39.667775, 39.66778, 39.667785, 39.662573, 39.656164, 39.654286, 39.653346, 39.653349, 39.652946, 39.651279, 39.651264, 39.64962, 
39.649579, 39.650486, 39.653327, 39.653503, 39.656879, 39.656874, 39.659071, 39.659951, 39.660679), c(-105.063539, -105.062574, -105.06256, -105.063539, -105.063539, 39.652387, 39.652385, 39.652991, 39.652979, 39.652387)))"
3,8031015300,"261,575",1.5,2.25,392362.5,588543.75,392.3625,588.54375,658.9656864,988.4485296,329.4828432,4348.482843,1.679481822,167,4019,2393,382,1199,669,2250,1126,818,"list(list(c(-104.93384, -104.932868, -104.931423, -104.930257, -104.928974, -104.926924, -104.926962, -104.926963, -104.928287, -104.928287, -104.929118, -104.929119, -104.92959, -104.929542, -104.926981, -104.93157, -104.931648, -104.930497, -104.922286, -104.922232, -104.921642, -104.921625, -104.921892, -104.922088, -104.922252, -104.923757, -104.924154, -104.927864, -104.928564, -104.928578, -104.931654, -104.933996, -104.93384, 39.70416, 39.702182, 39.703789, 39.703838, 39.703843, 39.7036, 39.706559, 
39.706699, 39.706692, 39.706785, 39.706787, 39.70641, 39.706414, 39.708456, 39.708004, 39.709096, 39.711098, 39.711343, 39.711339, 39.705858, 39.703863, 39.697582, 39.696623, 39.696252, 39.6959, 39.696804, 39.696739, 39.696654, 39.698429, 39.700221, 39.700221, 39.70138, 39.70416)))"
8,8031015300,259036,4,5,1036144,1295180,1036.144,1295.18,1740.185013,2175.231266,435.0462532,4454.046253,1.679481822,167,4019,2393,382,1199,669,2250,1126,818,"list(list(c(-104.93384, -104.932868, -104.931423, -104.930257, -104.928974, -104.926924, -104.926962, -104.926963, -104.928287, -104.928287, -104.929118, -104.929119, -104.92959, -104.929542, -104.926981, -104.93157, -104.931648, -104.930497, -104.922286, -104.922232, -104.921642, -104.921625, -104.921892, -104.922088, -104.922252, -104.923757, -104.924154, -104.927864, -104.928564, -104.928578, -104.931654, -104.933996, -104.93384, 39.70416, 39.702182, 39.703789, 39.703838, 39.703843, 39.7036, 39.706559, 
39.706699, 39.706692, 39.706785, 39.706787, 39.70641, 39.706414, 39.708456, 39.708004, 39.709096, 39.711098, 39.711343, 39.711339, 39.705858, 39.703863, 39.697582, 39.696623, 39.696252, 39.6959, 39.696804, 39.696739, 39.696654, 39.698429, 39.700221, 39.700221, 39.70138, 39.70416)))"
,8031015300,,,,1428506.5,1883723.75,1428.5065,1883.72375,2399.150699,3163.679796,764.5290964,8802.529096,1.679481822,167,4019,2393,382,1199,669,2250,1126,818,"list(list(c(-104.93384, -104.932868, -104.931423, -104.930257, -104.928974, -104.926924, -104.926962, -104.926963, -104.928287, -104.928287, -104.929118, -104.929119, -104.92959, -104.929542, -104.926981, -104.93157, -104.931648, -104.930497, -104.922286, -104.922232, -104.921642, -104.921625, -104.921892, -104.922088, -104.922252, -104.923757, -104.924154, -104.927864, -104.928564, -104.928578, -104.931654, -104.933996, -104.93384, 39.70416, 39.702182, 39.703789, 39.703838, 39.703843, 39.7036, 39.706559, 
39.706699, 39.706692, 39.706785, 39.706787, 39.70641, 39.706414, 39.708456, 39.708004, 39.709096, 39.711098, 39.711343, 39.711339, 39.705858, 39.703863, 39.697582, 39.696623, 39.696252, 39.6959, 39.696804, 39.696739, 39.696654, 39.698429, 39.700221, 39.700221, 39.70138, 39.70416)))"
3,8031015500,"128,966",1.5,2.25,193449,290173.5,193.449,290.1735,347.97466,521.9619899,173.98733,3749.98733,1.798792757,202,3576,1988,264,1006,559,1829,816,682,"list(list(c(-104.934135, -104.931714, -104.931651, -104.934076, -104.934135, 39.700181, 39.700208, 39.698398, 39.698436, 39.700181)), list(c(-104.940633, -104.940485, -104.939539, -104.936213, -104.936233, -104.934027, -104.931735, -104.931724, -104.931697, -104.940549, -104.940562, -104.940633, 39.694755, 39.695664, 39.694688, 39.694782, 39.696599, 39.6966, 39.696601, 39.692973, 39.689341, 39.689321, 39.692941, 39.694755)))"
5,8031015500,"467,558",2.5,3.75,1168895,1753342.5,1168.895,1753.3425,2102.599859,3153.899789,1051.29993,4627.29993,1.798792757,202,3576,1988,264,1006,559,1829,816,682,"list(list(c(-104.934135, -104.931714, -104.931651, -104.934076, -104.934135, 39.700181, 39.700208, 39.698398, 39.698436, 39.700181)), list(c(-104.940633, -104.940485, -104.939539, -104.936213, -104.936233, -104.934027, -104.931735, -104.931724, -104.931697, -104.940549, -104.940562, -104.940633, 39.694755, 39.695664, 39.694688, 39.694782, 39.696599, 39.6966, 39.696601, 39.692973, 39.689341, 39.689321, 39.692941, 39.694755)))"
,8031015500,,,,1362344,2043516,1362.344,2043.516,2450.574519,3675.861779,1225.28726,8377.28726,1.798792757,202,3576,1988,264,1006,559,1829,816,682,"list(list(c(-104.934135, -104.931714, -104.931651, -104.934076, -104.934135, 39.700181, 39.700208, 39.698398, 39.698436, 39.700181)), list(c(-104.940633, -104.940485, -104.939539, -104.936213, -104.936233, -104.934027, -104.931735, -104.931724, -104.931697, -104.940549, -104.940562, -104.940633, 39.694755, 39.695664, 39.694688, 39.694782, 39.696599, 39.6966, 39.696601, 39.692973, 39.689341, 39.689321, 39.692941, 39.694755)))"
3,8031015600,"1,046,766",1.5,2.25,1570149,2355223.5,1570.149,2355.2235,5480.091577,8220.137365,2740.045788,11619.04579,3.490172956,270,8879,2544,573,1021,755,2349,432,356,"list(list(c(-105.025124, -105.025111, -105.025108, -105.025062, -105.025073, -105.025058, -105.025038, -105.015693, -105.00869, -105.001828, -105.001425, -104.998728, -104.997982, -104.997865, -104.999111, -105.001844, -104.999906, -105.004374, -105.004862, -105.004882, -105.010665, -105.007717, -105.006471, -105.006576, -105.008637, -105.008664, -105.015696, -105.015699, -105.015722, -105.015773, -105.0158, -105.022932, -105.023003, -105.025269, -105.025124, 39.665038, 39.666943, 39.667715, 39.671786, 
39.673339, 39.678636, 39.68227, 39.682338, 39.682267, 39.682177, 39.682487, 39.680268, 39.67847, 39.672284, 39.668896, 39.66768, 39.667884, 39.666306, 39.664463, 39.660455, 39.660507, 39.66422, 39.666913, 39.676778, 39.67678, 39.678627, 39.678684, 39.671795, 39.666947, 39.663729, 39.660508, 39.660496, 39.65683, 39.656817, 39.665038)))"
5,8031015600,157667,2.5,3.75,394167.5,591251.25,394.1675,591.25125,1375.712749,2063.569123,687.8563743,9566.856374,3.490172956,270,8879,2544,573,1021,755,2349,432,356,"list(list(c(-105.025124, -105.025111, -105.025108, -105.025062, -105.025073, -105.025058, -105.025038, -105.015693, -105.00869, -105.001828, -105.001425, -104.998728, -104.997982, -104.997865, -104.999111, -105.001844, -104.999906, -105.004374, -105.004862, -105.004882, -105.010665, -105.007717, -105.006471, -105.006576, -105.008637, -105.008664, -105.015696, -105.015699, -105.015722, -105.015773, -105.0158, -105.022932, -105.023003, -105.025269, -105.025124, 39.665038, 39.666943, 39.667715, 39.671786, 
39.673339, 39.678636, 39.68227, 39.682338, 39.682267, 39.682177, 39.682487, 39.680268, 39.67847, 39.672284, 39.668896, 39.66768, 39.667884, 39.666306, 39.664463, 39.660455, 39.660507, 39.66422, 39.666913, 39.676778, 39.67678, 39.678627, 39.678684, 39.671795, 39.666947, 39.663729, 39.660508, 39.660496, 39.65683, 39.656817, 39.665038)))"
,8031015600,,,,1964316.5,2946474.75,1964.3165,2946.47475,6855.804325,10283.70649,3427.902163,21185.90216,3.490172956,270,8879,2544,573,1021,755,2349,432,356,"list(list(c(-105.025124, -105.025111, -105.025108, -105.025062, -105.025073, -105.025058, -105.025038, -105.015693, -105.00869, -105.001828, -105.001425, -104.998728, -104.997982, -104.997865, -104.999111, -105.001844, -104.999906, -105.004374, -105.004862, -105.004882, -105.010665, -105.007717, -105.006471, -105.006576, -105.008637, -105.008664, -105.015696, -105.015699, -105.015722, -105.015773, -105.0158, -105.022932, -105.023003, -105.025269, -105.025124, 39.665038, 39.666943, 39.667715, 39.671786, 
39.673339, 39.678636, 39.68227, 39.682338, 39.682267, 39.682177, 39.682487, 39.680268, 39.67847, 39.672284, 39.668896, 39.66768, 39.667884, 39.666306, 39.664463, 39.660455, 39.660507, 39.66422, 39.666913, 39.676778, 39.67678, 39.678627, 39.678684, 39.671795, 39.666947, 39.663729, 39.660508, 39.660496, 39.65683, 39.656817, 39.665038)))"
3,8031015700,195522,1.5,2.25,293283,439924.5,293.283,439.9245,753.3863731,1130.07956,376.6931865,6387.693187,2.568803419,366,6011,2340,703,868,734,2305,819,690,"list(list(c(-105.044092, -105.041881, -105.041751, -105.038686, -105.037767, -105.029869, -105.025108, -105.025111, -105.025124, -105.025269, -105.032038, -105.032089, -105.032157, -105.032162, -105.034017, -105.036103, -105.037907, -105.041369, -105.041823, -105.043388, -105.04397, -105.044092, 39.662517, 39.666407, 39.667718, 39.667701, 39.667698, 39.667705, 39.667715, 39.666943, 39.665038, 39.656817, 39.657087, 39.655905, 39.653775, 39.653276, 39.653465, 39.654262, 39.654568, 39.654273, 39.656417, 
39.659239, 39.660138, 39.662517)))"
